warehouse_id,region,product_id,quantity,transport_cost,transit_time_days,meets_service_target
GUT930,Canada,365,602.0,27272.55987866921,5,False
GUT930,Canada,1014,469.0,21247.226882219034,5,False
GUT930,Caribbean,24,14.0,648.436952119256,5,False
GUT930,Caribbean,35,2.0,92.63385030275086,5,False
GUT930,Caribbean,37,53.0,2454.7970330228977,5,False
GUT930,Caribbean,44,84.0,3890.621712715536,5,False
GUT930,Caribbean,93,45.0,2084.2616318118944,5,False
GUT930,Caribbean,116,75.0,3473.769386353157,5,False
GUT930,Caribbean,134,37.0,1713.7262306008909,5,False
GUT930,Caribbean,135,80.0,3705.354012110034,5,False
GUT930,Caribbean,172,68.0,3149.5509102935293,5,False
GUT930,Caribbean,216,4.0,185.26770060550172,5,False
GUT930,Caribbean,235,64.0,2964.2832096880275,5,False
GUT930,Caribbean,249,54.0,2501.113958174273,5,False
GUT930,Caribbean,251,28.0,1296.873904238512,5,False
GUT930,Caribbean,258,14.0,648.436952119256,5,False
GUT930,Caribbean,273,43.0,1991.6277815091435,5,False
GUT930,Caribbean,276,91.0,4214.840188775164,5,False
GUT930,Caribbean,278,39.0,1806.3600809036418,5,False
GUT930,Caribbean,282,40.0,1852.677006055017,5,False
GUT930,Caribbean,295,8.0,370.53540121100343,5,False
GUT930,Caribbean,305,4.0,185.26770060550172,5,False
GUT930,Caribbean,306,12.0,555.8031018165052,5,False
GUT930,Caribbean,359,1.0,46.31692515137543,5,False
GUT930,Caribbean,365,5126.0,237420.55832595043,5,False
GUT930,Caribbean,564,47.0,2176.8954821146453,5,False
GUT930,Caribbean,565,83.0,3844.3047875641605,5,False
GUT930,Caribbean,567,59.0,2732.69858393115,5,False
GUT930,Caribbean,572,57.0,2640.0647336283996,5,False
GUT930,Caribbean,625,4.0,185.26770060550172,5,False
GUT930,Caribbean,642,71.0,3288.5016857476553,5,False
GUT930,Caribbean,646,8.0,370.53540121100343,5,False
GUT930,Caribbean,647,5.0,231.58462575687713,5,False
GUT930,Caribbean,652,4.0,185.26770060550172,5,False
GUT930,Caribbean,666,5.0,231.58462575687713,5,False
GUT930,Caribbean,671,7.0,324.218476059628,5,False
GUT930,Caribbean,677,18.0,833.7046527247577,5,False
GUT930,Caribbean,691,5.0,231.58462575687713,5,False
GUT930,Caribbean,703,80.0,3705.354012110034,5,False
GUT930,Caribbean,715,2.0,92.63385030275086,5,False
GUT930,Caribbean,724,2.0,92.63385030275086,5,False
GUT930,Caribbean,728,64.0,2964.2832096880275,5,False
GUT930,Caribbean,730,12.0,555.8031018165052,5,False
GUT930,Caribbean,771,54.0,2501.113958174273,5,False
GUT930,Caribbean,773,2.0,92.63385030275086,5,False
GUT930,Caribbean,777,23.0,1065.289278481635,5,False
GUT930,Caribbean,778,88.0,4075.889413321038,5,False
GUT930,Caribbean,786,2.0,92.63385030275086,5,False
GUT930,Caribbean,797,46.0,2130.57855696327,5,False
GUT930,Caribbean,804,94.0,4353.790964229291,5,False
GUT930,Caribbean,810,39.0,1806.3600809036418,5,False
GUT930,Caribbean,818,74.0,3427.4524612017817,5,False
GUT930,Caribbean,821,61.0,2825.332434233901,5,False
GUT930,Caribbean,822,39.0,1806.3600809036418,5,False
GUT930,Caribbean,823,61.0,2825.332434233901,5,False
GUT930,Caribbean,825,47.0,2176.8954821146453,5,False
GUT930,Caribbean,828,68.0,3149.5509102935293,5,False
GUT930,Caribbean,835,42.0,1945.310856357768,5,False
GUT930,Caribbean,885,28.0,1296.873904238512,5,False
GUT930,Caribbean,886,54.0,2501.113958174273,5,False
GUT930,Caribbean,893,35.0,1621.09238029814,5,False
GUT930,Caribbean,897,57.0,2640.0647336283996,5,False
GUT930,Caribbean,905,53.0,2454.7970330228977,5,False
GUT930,Caribbean,906,80.0,3705.354012110034,5,False
GUT930,Caribbean,917,80.0,3705.354012110034,5,False
GUT930,Caribbean,924,59.0,2732.69858393115,5,False
GUT930,Caribbean,926,60.0,2779.0155090825256,5,False
GUT930,Caribbean,977,81.0,3751.6709372614096,5,False
GUT930,Caribbean,981,14.0,648.436952119256,5,False
GUT930,Caribbean,982,2.0,92.63385030275086,5,False
GUT930,Caribbean,1014,4018.0,186101.40525822647,5,False
GUT930,Caribbean,1073,1046.0,48447.5037083387,5,False
GUT930,Central Africa,365,968.0,40909.93135414572,5,False
GUT930,Central Africa,1014,775.0,32753.302478784022,5,False
GUT930,Central America,1014,13724.0,750984.4784348516,6,False
GUT930,Central Asia,1014,282.0,15662.567559799689,6,False
GUT930,East Africa,1014,910.0,44772.12420178878,5,False
GUT930,East of USA,1014,586.2,43403.48596100399,8,False
GUT930,Northern Europe,203,8.0,576.1751181387754,8,False
GUT930,Northern Europe,364,7.0,504.15322837142844,8,False
GUT930,Northern Europe,773,8.0,576.1751181387754,8,False
GUT930,Northern Europe,845,12.0,864.262677208163,8,False
GUT930,Northern Europe,982,11.0,792.2407874408161,8,False
GUT930,Northern Europe,1014,4353.0,313511.2861572611,8,False
GUT930,Oceania,1014,4146.0,198002.0867184723,5,False
GUT930,South America,1014,2422.6,153872.55248730257,7,False
GUT930,South Asia,37,60.0,2127.6583986403693,4,False
GUT930,South Asia,44,52.0,1843.9706121549866,4,False
GUT930,South Asia,93,40.0,1418.4389324269127,4,False
GUT930,South Asia,116,53.0,1879.4315854656595,4,False
GUT930,South Asia,134,56.0,1985.814505397678,4,False
GUT930,South Asia,135,70.0,2482.2681317470974,4,False
GUT930,South Asia,172,49.0,1737.5876922229681,4,False
GUT930,South Asia,235,50.0,1773.048665533641,4,False
GUT930,South Asia,249,52.0,1843.9706121549866,4,False
GUT930,South Asia,273,37.0,1312.0560124948943,4,False
GUT930,South Asia,276,68.0,2411.3461851257516,4,False
GUT930,South Asia,278,66.0,2340.4242385044063,4,False
GUT930,South Asia,282,74.0,2624.1120249897886,4,False
GUT930,South Asia,365,4010.0,142198.502975798,4,False
GUT930,South Asia,564,60.0,2127.6583986403693,4,False
GUT930,South Asia,565,91.0,3226.9485712712267,4,False
GUT930,South Asia,567,59.0,2092.197425329696,4,False
GUT930,South Asia,572,46.0,1631.2047722909497,4,False
GUT930,South Asia,642,43.0,1524.8218523589312,4,False
GUT930,South Asia,703,53.0,1879.4315854656595,4,False
GUT930,South Asia,728,94.0,3333.331491203245,4,False
GUT930,South Asia,771,59.0,2092.197425329696,4,False
GUT930,South Asia,778,95.0,3368.792464513918,4,False
GUT930,South Asia,792,36.0,1276.5950391842216,4,False
GUT930,South Asia,793,32.0,1134.7511459415302,4,False
GUT930,South Asia,797,52.0,1843.9706121549866,4,False
GUT930,South Asia,804,104.0,3687.941224309973,4,False
GUT930,South Asia,810,77.0,2730.494944921807,4,False
GUT930,South Asia,818,54.0,1914.8925587763322,4,False
GUT930,South Asia,821,50.0,1773.048665533641,4,False
GUT930,South Asia,822,45.0,1595.743798980277,4,False
GUT930,South Asia,823,66.0,2340.4242385044063,4,False
GUT930,South Asia,825,91.0,3226.9485712712267,4,False
GUT930,South Asia,828,87.0,3085.1046780285355,4,False
GUT930,South Asia,835,60.0,2127.6583986403693,4,False
GUT930,South Asia,885,104.0,3687.941224309973,4,False
GUT930,South Asia,886,60.0,2127.6583986403693,4,False
GUT930,South Asia,893,36.0,1276.5950391842216,4,False
GUT930,South Asia,897,68.0,2411.3461851257516,4,False
GUT930,South Asia,905,35.0,1241.1340658735487,4,False
GUT930,South Asia,906,57.0,2021.2754787083506,4,False
GUT930,South Asia,917,68.0,2411.3461851257516,4,False
GUT930,South Asia,924,61.0,2163.119371951042,4,False
GUT930,South Asia,926,36.0,1276.5950391842216,4,False
GUT930,South Asia,977,63.0,2234.041318572388,4,False
GUT930,South Asia,1014,2939.0,104219.80056006742,4,False
GUT930,South Asia,1073,821.0,29113.459088062384,4,False
GUT930,South Asia,1346,21.0,744.6804395241293,4,False
GUT930,South Asia,1347,22.0,780.141412834802,4,False
GUT930,South Asia,1349,4.0,141.84389324269128,4,False
GUT930,South Asia,1350,29.0,1028.3682260095118,4,False
GUT930,South Asia,1351,19.0,673.7584929027836,4,False
GUT930,South Asia,1352,45.0,1595.743798980277,4,False
GUT930,South Asia,1353,90.0,3191.487597960554,4,False
GUT930,South Asia,1354,64.0,2269.5022918830605,4,False
GUT930,South Asia,1355,121.0,4290.777770591411,4,False
GUT930,South Asia,1356,122.0,4326.238743902084,4,False
GUT930,South Asia,1357,63.0,2234.041318572388,4,False
GUT930,South Asia,1358,135.0,4787.231396940831,4,False
GUT930,South Asia,1359,106.0,3758.863170931319,4,False
GUT930,South Asia,1360,111.0,3936.168037484683,4,False
GUT930,South Asia,1362,272.0,9645.384740503006,4,False
GUT930,South Asia,1363,198.0,7021.272715513218,4,False
GUT930,South of  USA ,37,45.0,1468.7879103152995,4,False
GUT930,South of  USA ,44,28.0,913.9124775295197,4,False
GUT930,South of  USA ,93,18.0,587.5151641261199,4,False
GUT930,South of  USA ,116,30.0,979.1919402101997,4,False
GUT930,South of  USA ,134,54.0,1762.5454923783595,4,False
GUT930,South of  USA ,135,33.0,1077.1111342312197,4,False
GUT930,South of  USA ,172,29.0,946.5522088698598,4,False
GUT930,South of  USA ,235,35.0,1142.3905969118998,4,False
GUT930,South of  USA ,249,29.0,946.5522088698598,4,False
GUT930,South of  USA ,273,29.0,946.5522088698598,4,False
GUT930,South of  USA ,276,22.0,718.0740894874798,4,False
GUT930,South of  USA ,278,23.0,750.7138208278199,4,False
GUT930,South of  USA ,282,39.0,1272.9495222732596,4,False
GUT930,South of  USA ,365,2435.0,79477.74581372787,4,False
GUT930,South of  USA ,564,45.0,1468.7879103152995,4,False
GUT930,South of  USA ,565,40.0,1305.5892536135998,4,False
GUT930,South of  USA ,567,25.0,815.9932835084998,4,False
GUT930,South of  USA ,572,43.0,1403.5084476346196,4,False
GUT930,South of  USA ,642,40.0,1305.5892536135998,4,False
GUT930,South of  USA ,703,23.0,750.7138208278199,4,False
GUT930,South of  USA ,728,45.0,1468.7879103152995,4,False
GUT930,South of  USA ,771,52.0,1697.2660296976796,4,False
GUT930,South of  USA ,778,42.0,1370.8687162942797,4,False
GUT930,South of  USA ,792,28.0,913.9124775295197,4,False
GUT930,South of  USA ,793,36.0,1175.0303282522398,4,False
GUT930,South of  USA ,797,42.0,1370.8687162942797,4,False
GUT930,South of  USA ,804,14.0,456.95623876475986,4,False
GUT930,South of  USA ,810,28.0,913.9124775295197,4,False
GUT930,South of  USA ,818,45.0,1468.7879103152995,4,False
GUT930,South of  USA ,821,26.0,848.6330148488398,4,False
GUT930,South of  USA ,822,32.0,1044.4714028908797,4,False
GUT930,South of  USA ,823,32.0,1044.4714028908797,4,False
GUT930,South of  USA ,825,36.0,1175.0303282522398,4,False
GUT930,South of  USA ,828,49.0,1599.3468356766596,4,False
GUT930,South of  USA ,835,49.0,1599.3468356766596,4,False
GUT930,South of  USA ,885,25.0,815.9932835084998,4,False
GUT930,South of  USA ,886,16.0,522.2357014454399,4,False
GUT930,South of  USA ,893,35.0,1142.3905969118998,4,False
GUT930,South of  USA ,897,43.0,1403.5084476346196,4,False
GUT930,South of  USA ,905,45.0,1468.7879103152995,4,False
GUT930,South of  USA ,906,22.0,718.0740894874798,4,False
GUT930,South of  USA ,917,12.0,391.6767760840799,4,False
GUT930,South of  USA ,924,15.0,489.59597010509987,4,False
GUT930,South of  USA ,926,57.0,1860.4646863993796,4,False
GUT930,South of  USA ,977,47.0,1534.0673729959797,4,False
GUT930,South of  USA ,1014,1837.0,59959.186472204565,4,False
GUT930,South of  USA ,1073,509.0,16613.623252233057,4,False
GUT930,Southeast Asia,37,43.0,939.0834556909797,3,True
GUT930,Southeast Asia,44,64.0,1397.7056084702954,3,True
GUT930,Southeast Asia,93,43.0,939.0834556909797,3,True
GUT930,Southeast Asia,116,78.0,1703.4537103231726,3,True
GUT930,Southeast Asia,134,77.0,1681.614560190824,3,True
GUT930,Southeast Asia,135,63.0,1375.866458337947,3,True
GUT930,Southeast Asia,172,63.0,1375.866458337947,3,True
GUT930,Southeast Asia,235,52.0,1135.635806882115,3,True
GUT930,Southeast Asia,249,43.0,939.0834556909797,3,True
GUT930,Southeast Asia,273,67.0,1463.2230588673406,3,True
GUT930,Southeast Asia,276,95.0,2074.7192625730945,3,True
GUT930,Southeast Asia,278,42.0,917.2443055586314,3,True
GUT930,Southeast Asia,282,57.0,1244.831557543857,3,True
GUT930,Southeast Asia,365,4784.0,104478.49423315458,3,True
GUT930,Southeast Asia,564,88.0,1921.845211646656,3,True
GUT930,Southeast Asia,565,78.0,1703.4537103231726,3,True
GUT930,Southeast Asia,567,81.0,1768.9711607202175,3,True
GUT930,Southeast Asia,572,47.0,1026.4400562203732,3,True
GUT930,Southeast Asia,642,64.0,1397.7056084702954,3,True
GUT930,Southeast Asia,703,68.0,1485.062208999689,3,True
GUT930,Southeast Asia,728,42.0,917.2443055586314,3,True
GUT930,Southeast Asia,771,56.0,1222.9924074115083,3,True
GUT930,Southeast Asia,775,42.0,917.2443055586314,3,True
GUT930,Southeast Asia,778,47.0,1026.4400562203732,3,True
GUT930,Southeast Asia,792,83.0,1812.6494609849144,3,True
GUT930,Southeast Asia,793,60.0,1310.3490079409019,3,True
GUT930,Southeast Asia,797,40.0,873.5660052939346,3,True
GUT930,Southeast Asia,804,56.0,1222.9924074115083,3,True
GUT930,Southeast Asia,810,54.0,1179.3141071468117,3,True
GUT930,Southeast Asia,818,66.0,1441.383908734992,3,True
GUT930,Southeast Asia,821,68.0,1485.062208999689,3,True
GUT930,Southeast Asia,822,75.0,1637.9362599261274,3,True
GUT930,Southeast Asia,823,98.0,2140.2367129701397,3,True
GUT930,Southeast Asia,825,106.0,2314.9499140289267,3,True
GUT930,Southeast Asia,828,80.0,1747.1320105878692,3,True
GUT930,Southeast Asia,835,53.0,1157.4749570144634,3,True
GUT930,Southeast Asia,885,43.0,939.0834556909797,3,True
GUT930,Southeast Asia,886,83.0,1812.6494609849144,3,True
GUT930,Southeast Asia,893,66.0,1441.383908734992,3,True
GUT930,Southeast Asia,897,74.0,1616.097109793779,3,True
GUT930,Southeast Asia,905,83.0,1812.6494609849144,3,True
GUT930,Southeast Asia,906,81.0,1768.9711607202175,3,True
GUT930,Southeast Asia,917,64.0,1397.7056084702954,3,True
GUT930,Southeast Asia,924,47.0,1026.4400562203732,3,True
GUT930,Southeast Asia,926,84.0,1834.4886111172627,3,True
GUT930,Southeast Asia,977,52.0,1135.635806882115,3,True
GUT930,Southeast Asia,1004,1169.0,25529.966504715238,3,True
GUT930,Southeast Asia,1014,3865.0,84408.31526152643,3,True
GUT930,Southeast Asia,1073,959.0,20943.744976922084,3,True
GUT930,Southeast Asia,1346,47.0,1026.4400562203732,3,True
GUT930,Southeast Asia,1347,53.0,1157.4749570144634,3,True
GUT930,Southeast Asia,1348,43.0,939.0834556909797,3,True
GUT930,Southeast Asia,1349,16.0,349.42640211757384,3,True
GUT930,Southeast Asia,1350,94.0,2052.8801124407464,3,True
GUT930,Southeast Asia,1351,49.0,1070.1183564850699,3,True
GUT930,Southeast Asia,1352,80.0,1747.1320105878692,3,True
GUT930,Southeast Asia,1353,101.0,2205.754163367185,3,True
GUT930,Southeast Asia,1354,106.0,2314.9499140289267,3,True
GUT930,Southeast Asia,1355,177.0,3865.5295734256606,3,True
GUT930,Southeast Asia,1356,163.0,3559.7814715727836,3,True
GUT930,Southeast Asia,1357,75.0,1637.9362599261274,3,True
GUT930,Southeast Asia,1358,156.0,3406.907420646345,3,True
GUT930,Southeast Asia,1359,198.0,4324.1517262049765,3,True
GUT930,Southeast Asia,1360,151.0,3297.7116699846033,3,True
GUT930,Southeast Asia,1361,280.0,6114.962037057542,3,True
GUT930,Southeast Asia,1362,353.0,7709.219996718973,3,True
GUT930,Southeast Asia,1363,310.0,6770.136541027993,3,True
GUT930,Southern Africa,37,21.0,768.8030245161649,4,False
GUT930,Southern Africa,44,14.0,512.5353496774433,4,False
GUT930,Southern Africa,93,2.0,73.21933566820618,4,False
GUT930,Southern Africa,116,9.0,329.48701050692785,4,False
GUT930,Southern Africa,134,8.0,292.87734267282474,4,False
GUT930,Southern Africa,172,12.0,439.3160140092371,4,False
GUT930,Southern Africa,235,4.0,146.43867133641237,4,False
GUT930,Southern Africa,249,16.0,585.7546853456495,4,False
GUT930,Southern Africa,273,7.0,256.26767483872163,4,False
GUT930,Southern Africa,276,7.0,256.26767483872163,4,False
GUT930,Southern Africa,278,9.0,329.48701050692785,4,False
GUT930,Southern Africa,365,603.0,22075.629703964165,4,False
GUT930,Southern Africa,564,5.0,183.04833917051548,4,False
GUT930,Southern Africa,565,23.0,842.0223601843711,4,False
GUT930,Southern Africa,567,21.0,768.8030245161649,4,False
GUT930,Southern Africa,572,9.0,329.48701050692785,4,False
GUT930,Southern Africa,642,11.0,402.706346175134,4,False
GUT930,Southern Africa,703,9.0,329.48701050692785,4,False
GUT930,Southern Africa,728,7.0,256.26767483872163,4,False
GUT930,Southern Africa,771,12.0,439.3160140092371,4,False
GUT930,Southern Africa,778,15.0,549.1450175115464,4,False
GUT930,Southern Africa,792,16.0,585.7546853456495,4,False
GUT930,Southern Africa,793,11.0,402.706346175134,4,False
GUT930,Southern Africa,810,14.0,512.5353496774433,4,False
GUT930,Southern Africa,818,22.0,805.412692350268,4,False
GUT930,Southern Africa,821,5.0,183.04833917051548,4,False
GUT930,Southern Africa,822,7.0,256.26767483872163,4,False
GUT930,Southern Africa,823,14.0,512.5353496774433,4,False
GUT930,Southern Africa,825,5.0,183.04833917051548,4,False
GUT930,Southern Africa,828,14.0,512.5353496774433,4,False
GUT930,Southern Africa,835,21.0,768.8030245161649,4,False
GUT930,Southern Africa,885,8.0,292.87734267282474,4,False
GUT930,Southern Africa,886,12.0,439.3160140092371,4,False
GUT930,Southern Africa,893,15.0,549.1450175115464,4,False
GUT930,Southern Africa,897,14.0,512.5353496774433,4,False
GUT930,Southern Africa,905,14.0,512.5353496774433,4,False
GUT930,Southern Africa,906,18.0,658.9740210138557,4,False
GUT930,Southern Africa,917,16.0,585.7546853456495,4,False
GUT930,Southern Africa,924,7.0,256.26767483872163,4,False
GUT930,Southern Africa,926,21.0,768.8030245161649,4,False
GUT930,Southern Africa,977,7.0,256.26767483872163,4,False
GUT930,Southern Africa,1014,530.0,19403.12395207464,4,False
GUT930,Southern Africa,1073,133.0,4869.0858219357115,4,False
GUT930,Southern Europe,203,5.0,362.02697142449824,8,False
GUT930,Southern Europe,364,11.0,796.459337133896,8,False
GUT930,Southern Europe,773,7.0,506.83775999429747,8,False
GUT930,Southern Europe,845,9.0,651.6485485640968,8,False
GUT930,Southern Europe,982,5.0,362.02697142449824,8,False
GUT930,Southern Europe,1014,3127.2,226426.14900773816,8,False
GUT930,US Center ,1014,2791.0,127073.1137866747,5,False
GUT930,West Africa,1014,1785.0,72749.63770177972,5,False
GUT930,West Asia,1014,2811.0,178864.3353067855,7,False
GUT930,Western Europe,24,95.0,2128.6223910511503,3,True
GUT930,Western Europe,35,36.0,806.6358534509621,3,True
GUT930,Western Europe,37,98.0,2195.842045505397,3,True
GUT930,Western Europe,44,122.0,2733.5992811393717,3,True
GUT930,Western Europe,58,19.0,425.72447821023,3,True
GUT930,Western Europe,61,30.0,672.1965445424685,3,True
GUT930,Western Europe,78,63.0,1411.6127435391838,3,True
GUT930,Western Europe,93,85.0,1904.5568762036607,3,True
GUT930,Western Europe,116,121.0,2711.192729654623,3,True
GUT930,Western Europe,127,28.0,627.3834415729706,3,True
GUT930,Western Europe,134,140.0,3136.917207864853,3,True
GUT930,Western Europe,135,149.0,3338.5761712275935,3,True
GUT930,Western Europe,172,171.0,3831.5203038920704,3,True
GUT930,Western Europe,191,3194.4,71575.48806288204,3,True
GUT930,Western Europe,203,30.0,672.1965445424685,3,True
GUT930,Western Europe,208,9.0,201.65896336274054,3,True
GUT930,Western Europe,216,39.0,873.855507905209,3,True
GUT930,Western Europe,235,133.0,2980.0713474716104,3,True
GUT930,Western Europe,249,88.0,1971.7765306579074,3,True
GUT930,Western Europe,251,75.0,1680.4913613561712,3,True
GUT930,Western Europe,258,112.0,2509.5337662918823,3,True
GUT930,Western Europe,273,87.0,1949.3699791731585,3,True
GUT930,Western Europe,276,147.0,3293.7630682580957,3,True
GUT930,Western Europe,278,139.0,3114.5106563801037,3,True
GUT930,Western Europe,282,137.0,3069.697553410606,3,True
GUT930,Western Europe,295,111.0,2487.1272148071334,3,True
GUT930,Western Europe,303,28.0,627.3834415729706,3,True
GUT930,Western Europe,305,35.0,784.2293019662133,3,True
GUT930,Western Europe,306,113.0,2531.940317776631,3,True
GUT930,Western Europe,359,90.0,2016.5896336274054,3,True
GUT930,Western Europe,364,32.0,717.0096475119664,3,True
GUT930,Western Europe,365,15413.0,345352.17803443555,3,True
GUT930,Western Europe,403,4118.4,92279.14163479007,3,True
GUT930,Western Europe,502,2996.4,67138.99086890175,3,True
GUT930,Western Europe,564,115.0,2576.753420746129,3,True
GUT930,Western Europe,565,136.0,3047.291001925857,3,True
GUT930,Western Europe,567,92.0,2061.402736596903,3,True
GUT930,Western Europe,572,182.0,4077.9923702243086,3,True
GUT930,Western Europe,625,26.0,582.5703386034727,3,True
GUT930,Western Europe,627,6243.6,139897.54485017856,3,True
GUT930,Western Europe,642,151.0,3383.3892741970913,3,True
GUT930,Western Europe,646,116.0,2599.159972230878,3,True
GUT930,Western Europe,647,28.0,627.3834415729706,3,True
GUT930,Western Europe,652,22.0,492.94413266447685,3,True
GUT930,Western Europe,666,47.0,1053.1079197832005,3,True
GUT930,Western Europe,671,36.0,806.6358534509621,3,True
GUT930,Western Europe,677,112.0,2509.5337662918823,3,True
GUT930,Western Europe,691,85.0,1904.5568762036607,3,True
GUT930,Western Europe,703,173.0,3876.333406861568,3,True
GUT930,Western Europe,715,36.0,806.6358534509621,3,True
GUT930,Western Europe,724,136.0,3047.291001925857,3,True
GUT930,Western Europe,728,140.0,3136.917207864853,3,True
GUT930,Western Europe,730,66.0,1478.8323979934307,3,True
GUT930,Western Europe,768,25.0,560.1637871187237,3,True
GUT930,Western Europe,771,99.0,2218.248596990146,3,True
GUT930,Western Europe,773,28.0,627.3834415729706,3,True
GUT930,Western Europe,775,133.0,2980.0713474716104,3,True
GUT930,Western Europe,777,78.0,1747.711015810418,3,True
GUT930,Western Europe,778,108.0,2419.9075603528863,3,True
GUT930,Western Europe,786,30.0,672.1965445424685,3,True
GUT930,Western Europe,792,121.0,2711.192729654623,3,True
GUT930,Western Europe,793,150.0,3360.9827227123424,3,True
GUT930,Western Europe,797,125.0,2800.818935593619,3,True
GUT930,Western Europe,804,122.0,2733.5992811393717,3,True
GUT930,Western Europe,810,121.0,2711.192729654623,3,True
GUT930,Western Europe,818,112.0,2509.5337662918823,3,True
GUT930,Western Europe,821,125.0,2800.818935593619,3,True
GUT930,Western Europe,822,109.0,2442.314111837635,3,True
GUT930,Western Europe,823,126.0,2823.2254870783677,3,True
GUT930,Western Europe,825,80.0,1792.5241187799159,3,True
GUT930,Western Europe,828,132.0,2957.6647959868615,3,True
GUT930,Western Europe,835,177.0,3965.959612800564,3,True
GUT930,Western Europe,845,28.0,627.3834415729706,3,True
GUT930,Western Europe,885,126.0,2823.2254870783677,3,True
GUT930,Western Europe,886,99.0,2218.248596990146,3,True
GUT930,Western Europe,893,180.0,4033.179267254811,3,True
GUT930,Western Europe,897,106.0,2375.0944573833885,3,True
GUT930,Western Europe,905,151.0,3383.3892741970913,3,True
GUT930,Western Europe,906,113.0,2531.940317776631,3,True
GUT930,Western Europe,917,98.0,2195.842045505397,3,True
GUT930,Western Europe,924,116.0,2599.159972230878,3,True
GUT930,Western Europe,926,122.0,2733.5992811393717,3,True
GUT930,Western Europe,957,1636.8,36675.04347023708,3,True
GUT930,Western Europe,977,129.0,2890.4451415326143,3,True
GUT930,Western Europe,981,85.0,1904.5568762036607,3,True
GUT930,Western Europe,982,30.0,672.1965445424685,3,True
GUT930,Western Europe,1004,1946.2,43607.630499618404,3,True
GUT930,Western Europe,1014,11472.0,257047.95863303993,3,True
GUT930,Western Europe,1059,33.0,739.4161989967154,3,True
GUT930,Western Europe,1073,3285.0,73605.5216274003,3,True
GUT930,Western Europe,1346,298.0,6677.152342455187,3,True
GUT930,Western Europe,1347,49.0,1097.9210227526985,3,True
GUT930,Western Europe,1348,95.0,2128.6223910511503,3,True
GUT930,Western Europe,1349,450.0,10082.948168137027,3,True
GUT930,Western Europe,1350,446.0,9993.321962198032,3,True
GUT930,Western Europe,1351,285.0,6385.8671731534505,3,True
GUT930,Western Europe,1352,218.0,4884.62822367527,3,True
GUT930,Western Europe,1353,175.0,3921.146509831066,3,True
GUT930,Western Europe,1354,164.0,3674.6744434988277,3,True
AXW291,Canada,191,344.0,10255.13273015487,3,True
AXW291,Canada,403,170.0,5067.943500367232,3,True
AXW291,Canada,1004,97.0,2891.7089384448327,3,True
AXW291,Caribbean,403,171.4,12382.791984686506,8,False
AXW291,Central America,35,22.0,766.3450182121937,4,False
AXW291,Central America,37,184.0,6409.4310614110755,4,False
AXW291,Central America,44,201.0,7001.606757302316,4,False
AXW291,Central America,78,85.0,2960.878479456203,4,False
AXW291,Central America,93,258.0,8987.137031761182,4,False
AXW291,Central America,116,188.0,6548.766519267838,4,False
AXW291,Central America,134,184.0,6409.4310614110755,4,False
AXW291,Central America,135,171.0,5956.590823376597,4,False
AXW291,Central America,172,191.0,6653.268112660409,4,False
AXW291,Central America,191,8496.0,295948.51248776354,4,False
AXW291,Central America,235,170.0,5921.756958912406,4,False
AXW291,Central America,249,188.0,6548.766519267838,4,False
AXW291,Central America,258,37.0,1288.8529851750532,4,False
AXW291,Central America,273,173.0,6026.258552304978,4,False
AXW291,Central America,276,164.0,5712.753772127263,4,False
AXW291,Central America,278,220.0,7663.450182121937,4,False
AXW291,Central America,282,170.0,5921.756958912406,4,False
AXW291,Central America,295,39.0,1358.5207141034343,4,False
AXW291,Central America,403,5093.0,177408.87171612287,4,False
AXW291,Central America,564,173.0,6026.258552304978,4,False
AXW291,Central America,565,218.0,7593.782453193557,4,False
AXW291,Central America,567,209.0,7280.277673015841,4,False
AXW291,Central America,572,209.0,7280.277673015841,4,False
AXW291,Central America,625,21.0,731.5111537480032,4,False
AXW291,Central America,627,7636.0,265991.3890485596,4,False
AXW291,Central America,642,170.0,5921.756958912406,4,False
AXW291,Central America,703,173.0,6026.258552304978,4,False
AXW291,Central America,715,19.0,661.8434248196219,4,False
AXW291,Central America,771,187.0,6513.932654803647,4,False
AXW291,Central America,778,161.0,5608.2521787346905,4,False
AXW291,Central America,786,21.0,731.5111537480032,4,False
AXW291,Central America,810,150.0,5225.079669628594,4,False
AXW291,Central America,818,209.0,7280.277673015841,4,False
AXW291,Central America,821,180.0,6270.095603554312,4,False
AXW291,Central America,823,204.0,7106.108350694888,4,False
AXW291,Central America,825,150.0,5225.079669628594,4,False
AXW291,Central America,828,173.0,6026.258552304978,4,False
AXW291,Central America,835,215.0,7489.280859800984,4,False
AXW291,Central America,858,18.0,627.0095603554313,4,False
AXW291,Central America,885,188.0,6548.766519267838,4,False
AXW291,Central America,886,253.0,8812.967709440229,4,False
AXW291,Central America,893,208.0,7245.44380855165,4,False
AXW291,Central America,897,128.0,4458.7346514164,4,False
AXW291,Central America,906,150.0,5225.079669628594,4,False
AXW291,Central America,917,211.0,7349.945401944222,4,False
AXW291,Central America,924,182.0,6339.763332482694,4,False
AXW291,Central America,926,157.0,5468.916720877928,4,False
AXW291,Central America,957,805.4,28055.19443945913,4,False
AXW291,Central America,977,244.0,8499.462929262512,4,False
AXW291,Central America,981,50.0,1741.6932232095312,4,False
AXW291,Central America,1004,50.0,1741.6932232095312,4,False
AXW291,Central America,1073,3617.0,125994.08776697749,4,False
AXW291,Eastern Asia,191,1777.0,49567.746588268434,3,True
AXW291,Eastern Asia,365,3402.0,94895.59588817625,3,True
AXW291,Eastern Asia,403,1129.0,31492.394990520574,3,True
AXW291,Eastern Asia,502,2626.8,73272.11971753715,3,True
AXW291,Eastern Asia,1004,879.0,24518.879713611677,3,True
AXW291,Eastern Asia,1014,2991.0,83431.13677293803,3,True
AXW291,Eastern Asia,1352,26.0,725.2455887985252,3,True
AXW291,Eastern Europe,37,30.0,1064.6401788620296,4,False
AXW291,Eastern Europe,44,33.0,1171.1041967482327,4,False
AXW291,Eastern Europe,93,33.0,1171.1041967482327,4,False
AXW291,Eastern Europe,116,32.0,1135.616190786165,4,False
AXW291,Eastern Europe,134,16.0,567.8080953930825,4,False
AXW291,Eastern Europe,135,35.0,1242.080208672368,4,False
AXW291,Eastern Europe,172,43.0,1525.9842563689092,4,False
AXW291,Eastern Europe,191,1180.0,41875.84703523983,4,False
AXW291,Eastern Europe,235,23.0,816.224137127556,4,False
AXW291,Eastern Europe,249,57.0,2022.8163398378563,4,False
AXW291,Eastern Europe,273,28.0,993.6641669378943,4,False
AXW291,Eastern Europe,276,37.0,1313.0562205965032,4,False
AXW291,Eastern Europe,278,64.0,2271.23238157233,4,False
AXW291,Eastern Europe,282,32.0,1135.616190786165,4,False
AXW291,Eastern Europe,365,109.2,3875.290251057788,4,False
AXW291,Eastern Europe,403,709.0,25160.996227105967,4,False
AXW291,Eastern Europe,564,30.0,1064.6401788620296,4,False
AXW291,Eastern Europe,565,43.0,1525.9842563689092,4,False
AXW291,Eastern Europe,567,16.0,567.8080953930825,4,False
AXW291,Eastern Europe,572,36.0,1277.5682146344354,4,False
AXW291,Eastern Europe,627,980.0,34778.2458428263,4,False
AXW291,Eastern Europe,642,21.0,745.2481252034207,4,False
AXW291,Eastern Europe,703,23.0,816.224137127556,4,False
AXW291,Eastern Europe,771,29.0,1029.152172899962,4,False
AXW291,Eastern Europe,778,25.0,887.2001490516914,4,False
AXW291,Eastern Europe,810,56.0,1987.3283338757885,4,False
AXW291,Eastern Europe,818,37.0,1313.0562205965032,4,False
AXW291,Eastern Europe,821,32.0,1135.616190786165,4,False
AXW291,Eastern Europe,823,35.0,1242.080208672368,4,False
AXW291,Eastern Europe,825,46.0,1632.448274255112,4,False
AXW291,Eastern Europe,828,46.0,1632.448274255112,4,False
AXW291,Eastern Europe,835,43.0,1525.9842563689092,4,False
AXW291,Eastern Europe,885,71.0,2519.6484233068036,4,False
AXW291,Eastern Europe,886,16.0,567.8080953930825,4,False
AXW291,Eastern Europe,893,30.0,1064.6401788620296,4,False
AXW291,Eastern Europe,897,21.0,745.2481252034207,4,False
AXW291,Eastern Europe,906,59.0,2093.7923517619915,4,False
AXW291,Eastern Europe,917,35.0,1242.080208672368,4,False
AXW291,Eastern Europe,924,21.0,745.2481252034207,4,False
AXW291,Eastern Europe,926,26.0,922.688155013759,4,False
AXW291,Eastern Europe,957,447.0,15863.138665044242,4,False
AXW291,Eastern Europe,977,32.0,1135.616190786165,4,False
AXW291,Eastern Europe,1014,2064.0,73247.24430570763,4,False
AXW291,Eastern Europe,1073,453.0,16076.066700816647,4,False
AXW291,North Africa,191,955.0,29469.979390253764,4,False
AXW291,North Africa,403,603.0,18607.746149029343,4,False
AXW291,North Africa,1004,448.0,13824.660488831087,4,False
AXW291,North Africa,1014,1591.0,49096.0599056479,4,False
AXW291,Northern Europe,35,2.0,99.07334277376418,5,False
AXW291,Northern Europe,58,9.0,445.8300424819388,5,False
AXW291,Northern Europe,127,5.0,247.68335693441045,5,False
AXW291,Northern Europe,208,7.0,346.75669970817466,5,False
AXW291,Northern Europe,258,42.0,2080.540198249048,5,False
AXW291,Northern Europe,295,30.0,1486.1001416064628,5,False
AXW291,Northern Europe,403,1718.0,85104.00144266343,5,False
AXW291,Northern Europe,625,11.0,544.903385255703,5,False
AXW291,Northern Europe,768,15.0,743.0500708032314,5,False
AXW291,Northern Europe,858,5.0,247.68335693441045,5,False
AXW291,Northern Europe,981,47.0,2328.2235551834583,5,False
AXW291,South America,35,11.0,513.9014683017592,5,False
AXW291,South America,191,2659.2,124233.34404618527,5,False
AXW291,South America,403,1644.0,76804.91035346292,5,False
AXW291,South Asia,191,1915.0,110866.26928863062,6,False
AXW291,South Asia,403,1231.0,71267.03785603357,6,False
AXW291,South Asia,627,1839.0,106466.35468500872,6,False
AXW291,South Asia,957,758.0,43883.35880980783,6,False
AXW291,South of  USA ,191,1148.0,68196.0214536042,6,False
AXW291,South of  USA ,403,759.0,45087.78770321045,6,False
AXW291,Southern Africa,191,367.0,15951.61543707177,5,False
AXW291,Southern Africa,403,220.0,9562.276283803241,5,False
AXW291,Southern Africa,627,280.0,12170.16981574958,5,False
AXW291,Southern Africa,957,128.0,5563.506201485522,5,False
AXW291,Southern Europe,35,15.0,623.3100324597891,5,False
AXW291,Southern Europe,58,11.0,457.09402380384535,5,False
AXW291,Southern Europe,127,4.0,166.21600865594377,5,False
AXW291,Southern Europe,208,4.0,166.21600865594377,5,False
AXW291,Southern Europe,258,37.0,1537.4980800674798,5,False
AXW291,Southern Europe,295,29.0,1205.0660627555924,5,False
AXW291,Southern Europe,403,1647.0,68439.44156408485,5,False
AXW291,Southern Europe,625,5.0,207.77001081992972,5,False
AXW291,Southern Europe,768,7.0,290.8780151479016,5,False
AXW291,Southern Europe,858,14.0,581.7560302958032,5,False
AXW291,Southern Europe,981,30.0,1246.6200649195782,5,False
AXW291,Southern Europe,1014,1062.8,44163.59349988426,5,False
AXW291,US Center ,403,1117.0,34382.36195648362,4,False
AXW291,US Center ,1004,837.0,25763.685727463555,4,False
AXW291,West Africa,403,644.0,22058.674075058636,4,False
AXW291,West Africa,1004,527.0,18051.119934093014,4,False
AXW291,Western Europe,403,442.6,31541.050539522545,8,False
NXH382,Caribbean,191,2584.0,147362.15872308883,6,False
NXH382,Caribbean,403,1313.6,74912.89926418323,6,False
NXH382,Caribbean,502,4072.0,232220.8631270966,6,False
NXH382,Central Africa,502,918.0,46989.14908646545,6,False
NXH382,Central America,19,19.0,663.534270749898,4,False
NXH382,Central America,24,95.0,3317.67135374949,4,False
NXH382,Central America,216,12.0,419.0742762630935,4,False
NXH382,Central America,251,63.0,2200.139950381241,4,False
NXH382,Central America,305,19.0,663.534270749898,4,False
NXH382,Central America,306,85.0,2968.4427901969125,4,False
NXH382,Central America,311,15.0,523.8428453288669,4,False
NXH382,Central America,359,74.0,2584.2913702890764,4,False
NXH382,Central America,365,17115.0,597704.6865202371,4,False
NXH382,Central America,502,14552.0,508197.4056817114,4,False
NXH382,Central America,607,23.0,803.2256961709293,4,False
NXH382,Central America,646,67.0,2339.8313758022723,4,False
NXH382,Central America,647,22.0,768.3028398156714,4,False
NXH382,Central America,652,21.0,733.3799834604137,4,False
NXH382,Central America,666,22.0,768.3028398156714,4,False
NXH382,Central America,671,21.0,733.3799834604137,4,False
NXH382,Central America,677,42.0,1466.7599669208273,4,False
NXH382,Central America,691,40.0,1396.9142542103118,4,False
NXH382,Central America,705,21.0,733.3799834604137,4,False
NXH382,Central America,724,50.0,1746.1428177628895,4,False
NXH382,Central America,725,29.0,1012.762834302476,4,False
NXH382,Central America,728,247.0,8625.945519748675,4,False
NXH382,Central America,730,59.0,2060.44852496021,4,False
NXH382,Central America,743,19.0,663.534270749898,4,False
NXH382,Central America,777,49.0,1711.219961407632,4,False
NXH382,Central America,792,175.0,6111.499862170113,4,False
NXH382,Central America,793,208.0,7263.954121893621,4,False
NXH382,Central America,797,213.0,7438.5684036699095,4,False
NXH382,Central America,804,237.0,8276.716956196096,4,False
NXH382,Central America,822,189.0,6600.419851143723,4,False
NXH382,Central America,905,226.0,7892.565536288261,4,False
NXH382,Central America,957,2462.6,86001.02606045784,4,False
NXH382,Central Asia,93,7.0,339.3449678149219,5,False
NXH382,Central Asia,116,7.0,339.3449678149219,5,False
NXH382,Central Asia,172,5.0,242.38926272494422,5,False
NXH382,Central Asia,191,137.0,6641.465798663471,5,False
NXH382,Central Asia,249,9.0,436.30067290489956,5,False
NXH382,Central Asia,273,1.0,48.47785254498884,5,False
NXH382,Central Asia,276,4.0,193.91141017995537,5,False
NXH382,Central Asia,282,2.0,96.95570508997768,5,False
NXH382,Central Asia,365,354.0,17161.15980092605,5,False
NXH382,Central Asia,403,121.0,5865.82015794365,5,False
NXH382,Central Asia,502,281.0,13622.276565141865,5,False
NXH382,Central Asia,564,4.0,193.91141017995537,5,False
NXH382,Central Asia,565,1.0,48.47785254498884,5,False
NXH382,Central Asia,567,12.0,581.7342305398661,5,False
NXH382,Central Asia,572,4.0,193.91141017995537,5,False
NXH382,Central Asia,627,118.0,5720.386600308683,5,False
NXH382,Central Asia,642,11.0,533.2563779948773,5,False
NXH382,Central Asia,703,5.0,242.38926272494422,5,False
NXH382,Central Asia,771,11.0,533.2563779948773,5,False
NXH382,Central Asia,778,1.0,48.47785254498884,5,False
NXH382,Central Asia,821,7.0,339.3449678149219,5,False
NXH382,Central Asia,822,7.0,339.3449678149219,5,False
NXH382,Central Asia,823,11.0,533.2563779948773,5,False
NXH382,Central Asia,825,8.0,387.82282035991074,5,False
NXH382,Central Asia,828,5.0,242.38926272494422,5,False
NXH382,Central Asia,885,11.0,533.2563779948773,5,False
NXH382,Central Asia,893,5.0,242.38926272494422,5,False
NXH382,Central Asia,897,12.0,581.7342305398661,5,False
NXH382,Central Asia,905,7.0,339.3449678149219,5,False
NXH382,Central Asia,906,11.0,533.2563779948773,5,False
NXH382,Central Asia,917,2.0,96.95570508997768,5,False
NXH382,Central Asia,957,54.0,2617.8040374293973,5,False
NXH382,Central Asia,977,19.0,921.079198354788,5,False
NXH382,Central Asia,1073,57.0,2763.237595064364,5,False
NXH382,East Africa,191,696.0,20895.670073943664,4,False
NXH382,East Africa,365,1172.0,35186.38696359479,4,False
NXH382,East Africa,403,347.0,10417.812522497776,4,False
NXH382,East Africa,502,834.0,25038.77707136353,4,False
NXH382,East of USA,37,56.0,1243.2159944967043,3,True
NXH382,East of USA,44,78.0,1731.6222780489811,3,True
NXH382,East of USA,93,53.0,1176.6151376486666,3,True
NXH382,East of USA,116,52.0,1154.4148520326542,3,True
NXH382,East of USA,134,56.0,1243.2159944967043,3,True
NXH382,East of USA,135,49.0,1087.8139951846163,3,True
NXH382,East of USA,172,53.0,1176.6151376486666,3,True
NXH382,East of USA,191,2074.0,46043.39236761009,3,True
NXH382,East of USA,235,42.0,932.4119958725283,3,True
NXH382,East of USA,249,80.0,1776.0228492810063,3,True
NXH382,East of USA,273,29.0,643.8082828643647,3,True
NXH382,East of USA,276,57.0,1265.416280112717,3,True
NXH382,East of USA,278,39.0,865.8111390244906,3,True
NXH382,East of USA,282,73.0,1620.6208499689183,3,True
NXH382,East of USA,365,3987.0,88512.53875104216,3,True
NXH382,East of USA,403,1260.0,27972.359876175848,3,True
NXH382,East of USA,502,3590.0,79699.02536148515,3,True
NXH382,East of USA,564,74.0,1642.8211355849307,3,True
NXH382,East of USA,565,50.0,1110.014280800629,3,True
NXH382,East of USA,567,77.0,1709.4219924329686,3,True
NXH382,East of USA,572,28.0,621.6079972483521,3,True
NXH382,East of USA,627,1926.0,42757.75009644023,3,True
NXH382,East of USA,642,74.0,1642.8211355849307,3,True
NXH382,East of USA,703,92.0,2042.4262766731572,3,True
NXH382,East of USA,728,94.0,2086.8268479051826,3,True
NXH382,East of USA,771,39.0,865.8111390244906,3,True
NXH382,East of USA,775,49.0,1087.8139951846163,3,True
NXH382,East of USA,778,53.0,1176.6151376486666,3,True
NXH382,East of USA,792,47.0,1043.4134239525913,3,True
NXH382,East of USA,793,46.0,1021.2131383365786,3,True
NXH382,East of USA,797,54.0,1198.8154232646793,3,True
NXH382,East of USA,804,47.0,1043.4134239525913,3,True
NXH382,East of USA,810,29.0,643.8082828643647,3,True
NXH382,East of USA,818,52.0,1154.4148520326542,3,True
NXH382,East of USA,821,80.0,1776.0228492810063,3,True
NXH382,East of USA,822,46.0,1021.2131383365786,3,True
NXH382,East of USA,823,47.0,1043.4134239525913,3,True
NXH382,East of USA,825,83.0,1842.623706129044,3,True
NXH382,East of USA,828,59.0,1309.8168513447422,3,True
NXH382,East of USA,835,42.0,932.4119958725283,3,True
NXH382,East of USA,885,77.0,1709.4219924329686,3,True
NXH382,East of USA,886,29.0,643.8082828643647,3,True
NXH382,East of USA,893,50.0,1110.014280800629,3,True
NXH382,East of USA,897,42.0,932.4119958725283,3,True
NXH382,East of USA,905,57.0,1265.416280112717,3,True
NXH382,East of USA,906,75.0,1665.0214212009435,3,True
NXH382,East of USA,917,81.0,1798.2231348970188,3,True
NXH382,East of USA,924,29.0,643.8082828643647,3,True
NXH382,East of USA,926,39.0,865.8111390244906,3,True
NXH382,East of USA,957,799.0,17738.02820719405,3,True
NXH382,East of USA,977,84.0,1864.8239917450567,3,True
NXH382,East of USA,1004,993.0,22044.883616700492,3,True
NXH382,East of USA,1014,2560.8,56850.491405485016,3,True
NXH382,East of USA,1073,916.0,20335.461624267522,3,True
NXH382,Eastern Europe,365,2336.8,165095.4503090732,8,False
NXH382,Eastern Europe,502,2043.0,144338.41363464418,8,False
NXH382,Eastern Europe,728,9.0,635.8520424433665,8,False
NXH382,Eastern Europe,822,18.0,1271.704084886733,8,False
NXH382,Eastern Europe,905,30.0,2119.506808144555,8,False
NXH382,North Africa,365,2065.0,83054.69355983636,5,False
NXH382,North Africa,502,1539.0,61898.873311664975,5,False
NXH382,Northern Europe,19,11.0,504.3857656167919,5,False
NXH382,Northern Europe,24,21.0,962.9182798138755,5,False
NXH382,Northern Europe,37,18.0,825.3585255547505,5,False
NXH382,Northern Europe,44,75.0,3438.993856478127,5,False
NXH382,Northern Europe,61,2.0,91.70650283941671,5,False
NXH382,Northern Europe,78,35.0,1604.8637996897926,5,False
NXH382,Northern Europe,93,61.0,2797.04833660221,5,False
NXH382,Northern Europe,116,70.0,3209.727599379585,5,False
NXH382,Northern Europe,134,30.0,1375.5975425912507,5,False
NXH382,Northern Europe,135,33.0,1513.1572968503758,5,False
NXH382,Northern Europe,172,32.0,1467.3040454306674,5,False
NXH382,Northern Europe,191,2871.0,131644.6848259827,5,False
NXH382,Northern Europe,216,18.0,825.3585255547505,5,False
NXH382,Northern Europe,235,59.0,2705.341833762793,5,False
NXH382,Northern Europe,249,39.0,1788.276805368626,5,False
NXH382,Northern Europe,251,50.0,2292.662570985418,5,False
NXH382,Northern Europe,273,59.0,2705.341833762793,5,False
NXH382,Northern Europe,276,22.0,1008.7715312335838,5,False
NXH382,Northern Europe,278,45.0,2063.396313886876,5,False
NXH382,Northern Europe,282,81.0,3714.1133649963767,5,False
NXH382,Northern Europe,303,11.0,504.3857656167919,5,False
NXH382,Northern Europe,305,12.0,550.2390170365003,5,False
NXH382,Northern Europe,306,12.0,550.2390170365003,5,False
NXH382,Northern Europe,311,14.0,641.945519875917,5,False
NXH382,Northern Europe,359,54.0,2476.0755766642515,5,False
NXH382,Northern Europe,365,5569.0,255356.75715635583,5,False
NXH382,Northern Europe,502,4888.0,224130.69293953446,5,False
NXH382,Northern Europe,564,63.0,2888.7548394416267,5,False
NXH382,Northern Europe,565,46.0,2109.2495653065844,5,False
NXH382,Northern Europe,567,64.0,2934.608090861335,5,False
NXH382,Northern Europe,572,53.0,2430.222325244543,5,False
NXH382,Northern Europe,607,15.0,687.7987712956253,5,False
NXH382,Northern Europe,627,2188.0,100326.91410632188,5,False
NXH382,Northern Europe,642,45.0,2063.396313886876,5,False
NXH382,Northern Europe,646,23.0,1054.6247826532922,5,False
NXH382,Northern Europe,647,8.0,366.82601135766686,5,False
NXH382,Northern Europe,652,9.0,412.67926277737524,5,False
NXH382,Northern Europe,666,16.0,733.6520227153337,5,False
NXH382,Northern Europe,671,8.0,366.82601135766686,5,False
NXH382,Northern Europe,677,25.0,1146.331285492709,5,False
NXH382,Northern Europe,691,28.0,1283.891039751834,5,False
NXH382,Northern Europe,703,29.0,1329.7442911715423,5,False
NXH382,Northern Europe,705,15.0,687.7987712956253,5,False
NXH382,Northern Europe,715,18.0,825.3585255547505,5,False
NXH382,Northern Europe,724,59.0,2705.341833762793,5,False
NXH382,Northern Europe,725,7.0,320.9727599379585,5,False
NXH382,Northern Europe,728,28.0,1283.891039751834,5,False
NXH382,Northern Europe,730,36.0,1650.717051109501,5,False
NXH382,Northern Europe,743,5.0,229.2662570985418,5,False
NXH382,Northern Europe,771,36.0,1650.717051109501,5,False
NXH382,Northern Europe,777,35.0,1604.8637996897926,5,False
NXH382,Northern Europe,778,60.0,2751.1950851825013,5,False
NXH382,Northern Europe,786,16.0,733.6520227153337,5,False
NXH382,Northern Europe,797,22.0,1008.7715312335838,5,False
NXH382,Northern Europe,804,29.0,1329.7442911715423,5,False
NXH382,Northern Europe,810,23.0,1054.6247826532922,5,False
NXH382,Northern Europe,818,53.0,2430.222325244543,5,False
NXH382,Northern Europe,821,29.0,1329.7442911715423,5,False
NXH382,Northern Europe,822,45.0,2063.396313886876,5,False
NXH382,Northern Europe,823,32.0,1467.3040454306674,5,False
NXH382,Northern Europe,825,35.0,1604.8637996897926,5,False
NXH382,Northern Europe,828,32.0,1467.3040454306674,5,False
NXH382,Northern Europe,835,39.0,1788.276805368626,5,False
NXH382,Northern Europe,885,28.0,1283.891039751834,5,False
NXH382,Northern Europe,886,49.0,2246.8093195657093,5,False
NXH382,Northern Europe,893,33.0,1513.1572968503758,5,False
NXH382,Northern Europe,897,25.0,1146.331285492709,5,False
NXH382,Northern Europe,905,40.0,1834.1300567883343,5,False
NXH382,Northern Europe,906,66.0,3026.3145937007516,5,False
NXH382,Northern Europe,917,49.0,2246.8093195657093,5,False
NXH382,Northern Europe,924,46.0,2109.2495653065844,5,False
NXH382,Northern Europe,926,63.0,2888.7548394416267,5,False
NXH382,Northern Europe,957,1111.0,50942.96232729599,5,False
NXH382,Northern Europe,977,57.0,2613.6353309233764,5,False
NXH382,Northern Europe,1059,9.0,412.67926277737524,5,False
NXH382,Northern Europe,1073,1128.0,51722.467601431024,5,False
NXH382,Northern Europe,1346,73.0,3347.28735363871,5,False
NXH382,Northern Europe,1347,26.0,1192.1845369124173,5,False
NXH382,Northern Europe,1349,192.0,8803.824272584005,5,False
NXH382,Northern Europe,1350,140.0,6419.45519875917,5,False
NXH382,Northern Europe,1351,104.0,4768.738147649669,5,False
NXH382,Northern Europe,1352,78.0,3576.553610737252,5,False
NXH382,Northern Europe,1353,85.0,3897.5263706752103,5,False
NXH382,Northern Europe,1354,83.0,3805.8198678357935,5,False
NXH382,Oceania,37,91.0,2534.5701875221903,3,True
NXH382,Oceania,44,74.0,2061.0790535894735,3,True
NXH382,Oceania,93,68.0,1893.9645357308673,3,True
NXH382,Oceania,116,80.0,2228.193571448079,3,True
NXH382,Oceania,134,56.0,1559.7355000136554,3,True
NXH382,Oceania,135,74.0,2061.0790535894735,3,True
NXH382,Oceania,172,57.0,1587.5879196567564,3,True
NXH382,Oceania,191,2731.0,76064.9580453088,3,True
NXH382,Oceania,235,54.0,1504.0306607274536,3,True
NXH382,Oceania,249,52.0,1448.3258214412515,3,True
NXH382,Oceania,273,70.0,1949.6693750170693,3,True
NXH382,Oceania,276,122.0,3397.995196458321,3,True
NXH382,Oceania,278,83.0,2311.750830377382,3,True
NXH382,Oceania,282,49.0,1364.7685625119486,3,True
NXH382,Oceania,365,5203.0,144916.13940305446,3,True
NXH382,Oceania,403,1606.0,44730.98594682019,3,True
NXH382,Oceania,502,4307.0,119960.37140283597,3,True
NXH382,Oceania,564,75.0,2088.9314732325743,3,True
NXH382,Oceania,565,85.0,2367.455669663584,3,True
NXH382,Oceania,567,50.0,1392.6209821550494,3,True
NXH382,Oceania,572,47.0,1309.0637232257466,3,True
NXH382,Oceania,627,2195.0,61136.061116606674,3,True
NXH382,Oceania,642,73.0,2033.2266339463722,3,True
NXH382,Oceania,703,57.0,1587.5879196567564,3,True
NXH382,Oceania,728,42.0,1169.8016250102417,3,True
NXH382,Oceania,771,104.0,2896.651642882503,3,True
NXH382,Oceania,775,57.0,1587.5879196567564,3,True
NXH382,Oceania,778,59.0,1643.2927589429585,3,True
NXH382,Oceania,792,84.0,2339.6032500204833,3,True
NXH382,Oceania,793,66.0,1838.2596964446655,3,True
NXH382,Oceania,797,81.0,2256.0459910911804,3,True
NXH382,Oceania,804,92.0,2562.422607165291,3,True
NXH382,Oceania,810,59.0,1643.2927589429585,3,True
NXH382,Oceania,818,97.0,2701.684705380796,3,True
NXH382,Oceania,821,46.0,1281.2113035826455,3,True
NXH382,Oceania,822,75.0,2088.9314732325743,3,True
NXH382,Oceania,823,46.0,1281.2113035826455,3,True
NXH382,Oceania,825,42.0,1169.8016250102417,3,True
NXH382,Oceania,828,104.0,2896.651642882503,3,True
NXH382,Oceania,835,57.0,1587.5879196567564,3,True
NXH382,Oceania,885,77.0,2144.6363125187763,3,True
NXH382,Oceania,886,77.0,2144.6363125187763,3,True
NXH382,Oceania,893,83.0,2311.750830377382,3,True
NXH382,Oceania,897,64.0,1782.5548571584634,3,True
NXH382,Oceania,905,59.0,1643.2927589429585,3,True
NXH382,Oceania,906,63.0,1754.7024375153624,3,True
NXH382,Oceania,917,87.0,2423.160508949786,3,True
NXH382,Oceania,924,88.0,2451.012928592887,3,True
NXH382,Oceania,926,83.0,2311.750830377382,3,True
NXH382,Oceania,957,983.0,27378.928509168272,3,True
NXH382,Oceania,977,88.0,2451.012928592887,3,True
NXH382,Oceania,1004,987.0,27490.33818774068,3,True
NXH382,Oceania,1073,1075.0,29941.351116333564,3,True
NXH382,Oceania,1346,39.0,1086.2443660809386,3,True
NXH382,Oceania,1347,47.0,1309.0637232257466,3,True
NXH382,Oceania,1349,2.0,55.70483928620198,3,True
NXH382,Oceania,1350,28.0,779.8677500068277,3,True
NXH382,Oceania,1351,15.0,417.7862946465149,3,True
NXH382,Oceania,1352,53.0,1476.1782410843525,3,True
NXH382,Oceania,1353,75.0,2088.9314732325743,3,True
NXH382,Oceania,1354,123.0,3425.847616101422,3,True
NXH382,Oceania,1356,106.0,2952.356482168705,3,True
NXH382,Oceania,1359,204.0,5681.893607192602,3,True
NXH382,Oceania,1360,125.0,3481.552455387624,3,True
NXH382,Oceania,1361,189.0,5264.107312546087,3,True
NXH382,Oceania,1362,264.0,7353.038785778662,3,True
NXH382,Oceania,1363,250.0,6963.104910775248,3,True
NXH382,South America,365,5087.6,317499.9861175837,7,False
NXH382,South America,502,5599.2,349427.2195670993,7,False
NXH382,South Asia,502,3218.0,213702.19110756888,7,False
NXH382,South of  USA ,502,2154.0,147204.81056726488,7,False
NXH382,Southeast Asia,191,2226.0,87952.38497785025,4,False
NXH382,Southeast Asia,403,1332.0,52629.18993283762,4,False
NXH382,Southeast Asia,502,3982.0,157334.4101445641,4,False
NXH382,Southeast Asia,627,1922.0,75940.91820639181,4,False
NXH382,Southeast Asia,957,861.0,34019.31871784774,4,False
NXH382,Southern Africa,502,589.0,35238.85200615459,6,False
NXH382,Southern Europe,19,7.0,210.40007084109342,4,False
NXH382,Southern Europe,24,49.0,1472.800495887654,4,False
NXH382,Southern Europe,37,26.0,781.4859774097756,4,False
NXH382,Southern Europe,44,40.0,1202.2861190919625,4,False
NXH382,Southern Europe,61,5.0,150.28576488649531,4,False
NXH382,Southern Europe,78,46.0,1382.6290369557569,4,False
NXH382,Southern Europe,93,53.0,1593.0291077968502,4,False
NXH382,Southern Europe,116,49.0,1472.800495887654,4,False
NXH382,Southern Europe,134,39.0,1172.2289661146633,4,False
NXH382,Southern Europe,135,53.0,1593.0291077968502,4,False
NXH382,Southern Europe,172,46.0,1382.6290369557569,4,False
NXH382,Southern Europe,191,2584.0,77667.68329334077,4,False
NXH382,Southern Europe,216,7.0,210.40007084109342,4,False
NXH382,Southern Europe,235,25.0,751.4288244324765,4,False
NXH382,Southern Europe,249,52.0,1562.9719548195512,4,False
NXH382,Southern Europe,251,35.0,1052.0003542054671,4,False
NXH382,Southern Europe,273,54.0,1623.0862607741494,4,False
NXH382,Southern Europe,276,25.0,751.4288244324765,4,False
NXH382,Southern Europe,278,46.0,1382.6290369557569,4,False
NXH382,Southern Europe,282,42.0,1262.4004250465605,4,False
NXH382,Southern Europe,303,9.0,270.51437679569153,4,False
NXH382,Southern Europe,305,11.0,330.62868275028967,4,False
NXH382,Southern Europe,306,29.0,871.6574363416728,4,False
NXH382,Southern Europe,311,8.0,240.4572238183925,4,False
NXH382,Southern Europe,359,37.0,1112.1146601600653,4,False
NXH382,Southern Europe,365,5144.0,154613.9949152264,4,False
NXH382,Southern Europe,502,4559.0,137030.56042350642,4,False
NXH382,Southern Europe,564,26.0,781.4859774097756,4,False
NXH382,Southern Europe,565,39.0,1172.2289661146633,4,False
NXH382,Southern Europe,567,35.0,1052.0003542054671,4,False
NXH382,Southern Europe,572,61.0,1833.4863316152428,4,False
NXH382,Southern Europe,607,12.0,360.6858357275887,4,False
NXH382,Southern Europe,627,2264.0,68049.39434060508,4,False
NXH382,Southern Europe,642,36.0,1082.0575071827661,4,False
NXH382,Southern Europe,646,43.0,1292.4575780238597,4,False
NXH382,Southern Europe,647,14.0,420.80014168218685,4,False
NXH382,Southern Europe,652,11.0,330.62868275028967,4,False
NXH382,Southern Europe,666,11.0,330.62868275028967,4,False
NXH382,Southern Europe,671,8.0,240.4572238183925,4,False
NXH382,Southern Europe,677,32.0,961.82889527357,4,False
NXH382,Southern Europe,691,23.0,691.3145184778784,4,False
NXH382,Southern Europe,703,47.0,1412.6861899330559,4,False
NXH382,Southern Europe,705,12.0,360.6858357275887,4,False
NXH382,Southern Europe,715,5.0,150.28576488649531,4,False
NXH382,Southern Europe,724,22.0,661.2573655005793,4,False
NXH382,Southern Europe,725,5.0,150.28576488649531,4,False
NXH382,Southern Europe,728,87.0,2614.972309025018,4,False
NXH382,Southern Europe,730,39.0,1172.2289661146633,4,False
NXH382,Southern Europe,743,14.0,420.80014168218685,4,False
NXH382,Southern Europe,771,32.0,961.82889527357,4,False
NXH382,Southern Europe,777,61.0,1833.4863316152428,4,False
NXH382,Southern Europe,778,45.0,1352.5718839784577,4,False
NXH382,Southern Europe,786,7.0,210.40007084109342,4,False
NXH382,Southern Europe,792,57.0,1713.2577197060466,4,False
NXH382,Southern Europe,793,59.0,1773.3720256606446,4,False
NXH382,Southern Europe,797,63.0,1893.600637569841,4,False
NXH382,Southern Europe,804,57.0,1713.2577197060466,4,False
NXH382,Southern Europe,810,63.0,1893.600637569841,4,False
NXH382,Southern Europe,818,35.0,1052.0003542054671,4,False
NXH382,Southern Europe,821,37.0,1112.1146601600653,4,False
NXH382,Southern Europe,822,29.0,871.6574363416728,4,False
NXH382,Southern Europe,823,37.0,1112.1146601600653,4,False
NXH382,Southern Europe,825,52.0,1562.9719548195512,4,False
NXH382,Southern Europe,828,37.0,1112.1146601600653,4,False
NXH382,Southern Europe,835,71.0,2134.0578613882335,4,False
NXH382,Southern Europe,885,54.0,1623.0862607741494,4,False
NXH382,Southern Europe,886,102.0,3065.8296036845045,4,False
NXH382,Southern Europe,893,26.0,781.4859774097756,4,False
NXH382,Southern Europe,897,36.0,1082.0575071827661,4,False
NXH382,Southern Europe,905,46.0,1382.6290369557569,4,False
NXH382,Southern Europe,906,52.0,1562.9719548195512,4,False
NXH382,Southern Europe,917,30.0,901.7145893189719,4,False
NXH382,Southern Europe,924,32.0,961.82889527357,4,False
NXH382,Southern Europe,926,40.0,1202.2861190919625,4,False
NXH382,Southern Europe,957,992.0,29816.695753480668,4,False
NXH382,Southern Europe,977,64.0,1923.65779054714,4,False
NXH382,Southern Europe,1059,12.0,360.6858357275887,4,False
NXH382,Southern Europe,1073,1152.0,34625.840229848516,4,False
NXH382,Southern Europe,1346,61.0,1833.4863316152428,4,False
NXH382,Southern Europe,1347,39.0,1172.2289661146633,4,False
NXH382,Southern Europe,1349,166.0,4989.487394231644,4,False
NXH382,Southern Europe,1350,147.0,4418.401487662962,4,False
NXH382,Southern Europe,1351,102.0,3065.8296036845045,4,False
NXH382,Southern Europe,1352,104.0,3125.9439096391025,4,False
NXH382,Southern Europe,1353,63.0,1893.600637569841,4,False
NXH382,Southern Europe,1354,54.0,1623.0862607741494,4,False
NXH382,US Center ,37,52.0,1269.3098516696396,3,True
NXH382,US Center ,44,73.0,1781.9157533054554,3,True
NXH382,US Center ,93,59.0,1440.178485548245,3,True
NXH382,US Center ,116,77.0,1879.5549726646584,3,True
NXH382,US Center ,134,53.0,1293.7196565094403,3,True
NXH382,US Center ,135,57.0,1391.3588758686433,3,True
NXH382,US Center ,172,23.0,561.4255113154175,3,True
NXH382,US Center ,191,1573.0,38396.623013006596,3,True
NXH382,US Center ,235,59.0,1440.178485548245,3,True
NXH382,US Center ,249,30.0,732.2941451940228,3,True
NXH382,US Center ,273,28.0,683.4745355144213,3,True
NXH382,US Center ,276,45.0,1098.4412177910342,3,True
NXH382,US Center ,278,42.0,1025.2118032716319,3,True
NXH382,US Center ,282,71.0,1733.096143625854,3,True
NXH382,US Center ,365,3668.0,89535.16415238919,3,True
NXH382,US Center ,502,3188.0,77818.45782928482,3,True
NXH382,US Center ,564,56.0,1366.9490710288426,3,True
NXH382,US Center ,565,47.0,1147.2608274706356,3,True
NXH382,US Center ,567,39.0,951.9823887522297,3,True
NXH382,US Center ,572,66.0,1611.0471194268503,3,True
NXH382,US Center ,627,1418.0,34613.103262837474,3,True
NXH382,US Center ,642,47.0,1147.2608274706356,3,True
NXH382,US Center ,703,50.0,1220.490241990038,3,True
NXH382,US Center ,728,54.0,1318.129461349241,3,True
NXH382,US Center ,771,59.0,1440.178485548245,3,True
NXH382,US Center ,775,64.0,1562.2275097472486,3,True
NXH382,US Center ,778,30.0,732.2941451940228,3,True
NXH382,US Center ,792,77.0,1879.5549726646584,3,True
NXH382,US Center ,793,63.0,1537.817704907448,3,True
NXH382,US Center ,797,61.0,1488.9980952278463,3,True
NXH382,US Center ,804,49.0,1196.0804371502372,3,True
NXH382,US Center ,810,49.0,1196.0804371502372,3,True
NXH382,US Center ,818,50.0,1220.490241990038,3,True
NXH382,US Center ,821,68.0,1659.8667291064517,3,True
NXH382,US Center ,822,25.0,610.245120995019,3,True
NXH382,US Center ,823,35.0,854.3431693930266,3,True
NXH382,US Center ,825,28.0,683.4745355144213,3,True
NXH382,US Center ,828,25.0,610.245120995019,3,True
NXH382,US Center ,835,60.0,1464.5882903880456,3,True
NXH382,US Center ,885,45.0,1098.4412177910342,3,True
NXH382,US Center ,886,46.0,1122.851022630835,3,True
NXH382,US Center ,893,57.0,1391.3588758686433,3,True
NXH382,US Center ,897,59.0,1440.178485548245,3,True
NXH382,US Center ,905,46.0,1122.851022630835,3,True
NXH382,US Center ,906,77.0,1879.5549726646584,3,True
NXH382,US Center ,917,49.0,1196.0804371502372,3,True
NXH382,US Center ,924,59.0,1440.178485548245,3,True
NXH382,US Center ,926,59.0,1440.178485548245,3,True
NXH382,US Center ,957,654.0,15964.012365229697,3,True
NXH382,US Center ,977,33.0,805.5235597134251,3,True
NXH382,US Center ,1073,686.0,16745.126120103323,3,True
NXH382,West Africa,37,36.0,1086.677074989088,4,False
NXH382,West Africa,44,23.0,694.2659090208062,4,False
NXH382,West Africa,93,42.0,1267.7899208206027,4,False
NXH382,West Africa,116,42.0,1267.7899208206027,4,False
NXH382,West Africa,134,18.0,543.338537494544,4,False
NXH382,West Africa,135,40.0,1207.4189722100978,4,False
NXH382,West Africa,172,22.0,664.0804347155538,4,False
NXH382,West Africa,191,1087.0,32811.61056980941,4,False
NXH382,West Africa,235,59.0,1780.9429840098942,4,False
NXH382,West Africa,249,33.0,996.1206520733307,4,False
NXH382,West Africa,273,26.0,784.8223319365636,4,False
NXH382,West Africa,276,25.0,754.6368576313112,4,False
NXH382,West Africa,278,25.0,754.6368576313112,4,False
NXH382,West Africa,282,12.0,362.22569166302935,4,False
NXH382,West Africa,365,2190.0,66106.18872850285,4,False
NXH382,West Africa,502,2002.0,60431.31955911539,4,False
NXH382,West Africa,564,49.0,1479.0882409573699,4,False
NXH382,West Africa,565,36.0,1086.677074989088,4,False
NXH382,West Africa,567,9.0,271.669268747272,4,False
NXH382,West Africa,572,7.0,211.2983201367671,4,False
NXH382,West Africa,627,920.0,27770.63636083225,4,False
NXH382,West Africa,642,32.0,965.9351777680782,4,False
NXH382,West Africa,703,53.0,1599.8301381783797,4,False
NXH382,West Africa,728,29.0,875.3787548523209,4,False
NXH382,West Africa,771,33.0,996.1206520733307,4,False
NXH382,West Africa,778,26.0,784.8223319365636,4,False
NXH382,West Africa,792,30.0,905.5642291575733,4,False
NXH382,West Africa,793,36.0,1086.677074989088,4,False
NXH382,West Africa,797,42.0,1267.7899208206027,4,False
NXH382,West Africa,804,52.0,1569.6446638731272,4,False
NXH382,West Africa,810,19.0,573.5240117997964,4,False
NXH382,West Africa,818,28.0,845.1932805470684,4,False
NXH382,West Africa,821,23.0,694.2659090208062,4,False
NXH382,West Africa,822,32.0,965.9351777680782,4,False
NXH382,West Africa,823,42.0,1267.7899208206027,4,False
NXH382,West Africa,825,28.0,845.1932805470684,4,False
NXH382,West Africa,828,22.0,664.0804347155538,4,False
NXH382,West Africa,835,36.0,1086.677074989088,4,False
NXH382,West Africa,885,36.0,1086.677074989088,4,False
NXH382,West Africa,886,12.0,362.22569166302935,4,False
NXH382,West Africa,893,45.0,1358.34634373636,4,False
NXH382,West Africa,897,29.0,875.3787548523209,4,False
NXH382,West Africa,905,35.0,1056.4916006838355,4,False
NXH382,West Africa,906,22.0,664.0804347155538,4,False
NXH382,West Africa,917,28.0,845.1932805470684,4,False
NXH382,West Africa,924,37.0,1116.8625492943404,4,False
NXH382,West Africa,926,61.0,1841.313932620399,4,False
NXH382,West Africa,957,408.0,12315.673516542998,4,False
NXH382,West Africa,977,42.0,1267.7899208206027,4,False
NXH382,West Africa,1073,472.0,14247.543872079154,4,False
NXH382,West Asia,191,1709.0,80711.57957347838,5,False
NXH382,West Asia,365,3758.0,177480.46579118297,5,False
NXH382,West Asia,502,3127.0,147679.9937543984,5,False
NXH382,West of USA ,191,2324.0,79394.87660903094,4,False
NXH382,West of USA ,365,5130.0,175256.3326180416,4,False
NXH382,West of USA ,502,4025.0,137506.18689817106,4,False
NXH382,Western Europe,191,4673.6,325904.15792733786,7,False
NXH382,Western Europe,502,10384.6,724149.3320806728,7,False
FLR025,Canada,37,4.0,81.18559542425831,3,True
FLR025,Canada,93,7.0,142.07479199245205,3,True
FLR025,Canada,116,9.0,182.6675897045812,3,True
FLR025,Canada,134,7.0,142.07479199245205,3,True
FLR025,Canada,135,2.0,40.592797712129155,3,True
FLR025,Canada,172,4.0,81.18559542425831,3,True
FLR025,Canada,235,11.0,223.26038741671036,3,True
FLR025,Canada,249,19.0,385.63157826522695,3,True
FLR025,Canada,273,8.0,162.37119084851662,3,True
FLR025,Canada,276,2.0,40.592797712129155,3,True
FLR025,Canada,278,11.0,223.26038741671036,3,True
FLR025,Canada,282,12.0,243.55678627277493,3,True
FLR025,Canada,502,492.0,9985.828237183772,3,True
FLR025,Canada,564,8.0,162.37119084851662,3,True
FLR025,Canada,565,14.0,284.1495839849041,3,True
FLR025,Canada,567,2.0,40.592797712129155,3,True
FLR025,Canada,572,14.0,284.1495839849041,3,True
FLR025,Canada,627,250.0,5074.099714016144,3,True
FLR025,Canada,642,15.0,304.44598284096867,3,True
FLR025,Canada,703,5.0,101.48199428032288,3,True
FLR025,Canada,728,14.0,284.1495839849041,3,True
FLR025,Canada,771,12.0,243.55678627277493,3,True
FLR025,Canada,775,11.0,223.26038741671036,3,True
FLR025,Canada,792,9.0,182.6675897045812,3,True
FLR025,Canada,793,23.0,466.8171736894853,3,True
FLR025,Canada,797,4.0,81.18559542425831,3,True
FLR025,Canada,804,1.0,20.296398856064577,3,True
FLR025,Canada,810,9.0,182.6675897045812,3,True
FLR025,Canada,818,15.0,304.44598284096867,3,True
FLR025,Canada,822,7.0,142.07479199245205,3,True
FLR025,Canada,823,7.0,142.07479199245205,3,True
FLR025,Canada,825,8.0,162.37119084851662,3,True
FLR025,Canada,835,15.0,304.44598284096867,3,True
FLR025,Canada,885,14.0,284.1495839849041,3,True
FLR025,Canada,886,9.0,182.6675897045812,3,True
FLR025,Canada,893,7.0,142.07479199245205,3,True
FLR025,Canada,897,2.0,40.592797712129155,3,True
FLR025,Canada,905,22.0,446.5207748334207,3,True
FLR025,Canada,906,8.0,162.37119084851662,3,True
FLR025,Canada,917,12.0,243.55678627277493,3,True
FLR025,Canada,924,5.0,101.48199428032288,3,True
FLR025,Canada,926,9.0,182.6675897045812,3,True
FLR025,Canada,957,113.0,2293.4930707352974,3,True
FLR025,Canada,977,5.0,101.48199428032288,3,True
FLR025,Canada,1073,129.0,2618.2354524323305,3,True
FLR025,Caribbean,19,8.0,403.4727081704284,6,False
FLR025,Caribbean,311,2.0,100.8681770426071,6,False
FLR025,Caribbean,607,8.0,403.4727081704284,6,False
FLR025,Caribbean,627,2192.0,110551.52203869738,6,False
FLR025,Caribbean,705,4.0,201.7363540852142,6,False
FLR025,Caribbean,725,2.0,100.8681770426071,6,False
FLR025,Caribbean,743,1.0,50.43408852130355,6,False
FLR025,Caribbean,858,7.0,353.0386196491248,6,False
FLR025,Caribbean,957,930.0,46903.7023248123,6,False
FLR025,Central Africa,37,21.0,469.5728612423222,3,True
FLR025,Central Africa,44,18.0,402.4910239219904,3,True
FLR025,Central Africa,93,7.0,156.52428708077406,3,True
FLR025,Central Africa,116,15.0,335.4091866016587,3,True
FLR025,Central Africa,134,16.0,357.76979904176926,3,True
FLR025,Central Africa,135,25.0,559.0153110027645,3,True
FLR025,Central Africa,172,14.0,313.0485741615481,3,True
FLR025,Central Africa,191,482.0,10777.815196133299,3,True
FLR025,Central Africa,235,7.0,156.52428708077406,3,True
FLR025,Central Africa,249,21.0,469.5728612423222,3,True
FLR025,Central Africa,273,28.0,626.0971483230962,3,True
FLR025,Central Africa,276,9.0,201.2455119609952,3,True
FLR025,Central Africa,278,5.0,111.80306220055289,3,True
FLR025,Central Africa,282,8.0,178.88489952088463,3,True
FLR025,Central Africa,403,294.0,6574.02005739251,3,True
FLR025,Central Africa,564,5.0,111.80306220055289,3,True
FLR025,Central Africa,565,21.0,469.5728612423222,3,True
FLR025,Central Africa,567,36.0,804.9820478439808,3,True
FLR025,Central Africa,572,22.0,491.93347368243275,3,True
FLR025,Central Africa,627,485.0,10844.897033453632,3,True
FLR025,Central Africa,642,25.0,559.0153110027645,3,True
FLR025,Central Africa,703,8.0,178.88489952088463,3,True
FLR025,Central Africa,728,29.0,648.4577607632068,3,True
FLR025,Central Africa,771,2.0,44.72122488022116,3,True
FLR025,Central Africa,775,2.0,44.72122488022116,3,True
FLR025,Central Africa,778,18.0,402.4910239219904,3,True
FLR025,Central Africa,792,18.0,402.4910239219904,3,True
FLR025,Central Africa,793,1.0,22.36061244011058,3,True
FLR025,Central Africa,797,7.0,156.52428708077406,3,True
FLR025,Central Africa,804,16.0,357.76979904176926,3,True
FLR025,Central Africa,810,16.0,357.76979904176926,3,True
FLR025,Central Africa,818,14.0,313.0485741615481,3,True
FLR025,Central Africa,821,5.0,111.80306220055289,3,True
FLR025,Central Africa,822,19.0,424.851636362101,3,True
FLR025,Central Africa,823,11.0,245.96673684121637,3,True
FLR025,Central Africa,825,5.0,111.80306220055289,3,True
FLR025,Central Africa,828,8.0,178.88489952088463,3,True
FLR025,Central Africa,835,28.0,626.0971483230962,3,True
FLR025,Central Africa,885,15.0,335.4091866016587,3,True
FLR025,Central Africa,886,19.0,424.851636362101,3,True
FLR025,Central Africa,893,7.0,156.52428708077406,3,True
FLR025,Central Africa,897,4.0,89.44244976044232,3,True
FLR025,Central Africa,905,29.0,648.4577607632068,3,True
FLR025,Central Africa,906,19.0,424.851636362101,3,True
FLR025,Central Africa,917,4.0,89.44244976044232,3,True
FLR025,Central Africa,924,9.0,201.2455119609952,3,True
FLR025,Central Africa,926,7.0,156.52428708077406,3,True
FLR025,Central Africa,957,178.0,3980.189014339683,3,True
FLR025,Central Africa,977,18.0,402.4910239219904,3,True
FLR025,Central Africa,1004,236.0,5277.104535866097,3,True
FLR025,Central Africa,1073,206.0,4606.286162662779,3,True
FLR025,Central America,773,19.0,740.4179596734956,4,False
FLR025,Central America,982,15.0,584.5404944790755,4,False
FLR025,East Africa,37,8.0,231.20473646180267,3,True
FLR025,East Africa,44,21.0,606.912433212232,3,True
FLR025,East Africa,93,5.0,144.50296028862667,3,True
FLR025,East Africa,116,7.0,202.30414440407733,3,True
FLR025,East Africa,134,5.0,144.50296028862667,3,True
FLR025,East Africa,135,12.0,346.807104692704,3,True
FLR025,East Africa,172,23.0,664.7136173276826,3,True
FLR025,East Africa,235,5.0,144.50296028862667,3,True
FLR025,East Africa,249,15.0,433.50888086588,3,True
FLR025,East Africa,273,7.0,202.30414440407733,3,True
FLR025,East Africa,276,26.0,751.4153935008587,3,True
FLR025,East Africa,282,5.0,144.50296028862667,3,True
FLR025,East Africa,564,14.0,404.60828880815467,3,True
FLR025,East Africa,567,4.0,115.60236823090133,3,True
FLR025,East Africa,627,454.0,13120.868794207301,3,True
FLR025,East Africa,642,7.0,202.30414440407733,3,True
FLR025,East Africa,703,15.0,433.50888086588,3,True
FLR025,East Africa,728,8.0,231.20473646180267,3,True
FLR025,East Africa,771,2.0,57.80118411545067,3,True
FLR025,East Africa,775,8.0,231.20473646180267,3,True
FLR025,East Africa,778,14.0,404.60828880815467,3,True
FLR025,East Africa,792,11.0,317.90651263497864,3,True
FLR025,East Africa,797,22.0,635.8130252699573,3,True
FLR025,East Africa,804,23.0,664.7136173276826,3,True
FLR025,East Africa,810,16.0,462.40947292360534,3,True
FLR025,East Africa,818,9.0,260.10532851952803,3,True
FLR025,East Africa,821,42.0,1213.824866424464,3,True
FLR025,East Africa,822,18.0,520.2106570390561,3,True
FLR025,East Africa,823,9.0,260.10532851952803,3,True
FLR025,East Africa,828,11.0,317.90651263497864,3,True
FLR025,East Africa,835,21.0,606.912433212232,3,True
FLR025,East Africa,885,21.0,606.912433212232,3,True
FLR025,East Africa,886,26.0,751.4153935008587,3,True
FLR025,East Africa,893,4.0,115.60236823090133,3,True
FLR025,East Africa,897,8.0,231.20473646180267,3,True
FLR025,East Africa,905,11.0,317.90651263497864,3,True
FLR025,East Africa,906,21.0,606.912433212232,3,True
FLR025,East Africa,917,4.0,115.60236823090133,3,True
FLR025,East Africa,924,12.0,346.807104692704,3,True
FLR025,East Africa,926,16.0,462.40947292360534,3,True
FLR025,East Africa,957,201.0,5809.019003602792,3,True
FLR025,East Africa,977,19.0,549.1112490967813,3,True
FLR025,East Africa,1073,247.0,7138.446238258158,3,True
FLR025,Eastern Asia,37,57.0,1522.7650983402293,3,True
FLR025,Eastern Asia,44,35.0,935.0312007352285,3,True
FLR025,Eastern Asia,93,57.0,1522.7650983402293,3,True
FLR025,Eastern Asia,116,46.0,1228.8981495377288,3,True
FLR025,Eastern Asia,134,29.0,774.7401377520465,3,True
FLR025,Eastern Asia,135,35.0,935.0312007352285,3,True
FLR025,Eastern Asia,172,50.0,1335.7588581931836,3,True
FLR025,Eastern Asia,235,56.0,1496.0499211763656,3,True
FLR025,Eastern Asia,249,64.0,1709.771338487275,3,True
FLR025,Eastern Asia,273,60.0,1602.9106298318202,3,True
FLR025,Eastern Asia,276,67.0,1789.916869978866,3,True
FLR025,Eastern Asia,278,59.0,1576.1954526679567,3,True
FLR025,Eastern Asia,282,50.0,1335.7588581931836,3,True
FLR025,Eastern Asia,502,228.2,6096.403428793689,3,True
FLR025,Eastern Asia,564,71.0,1896.7775786343207,3,True
FLR025,Eastern Asia,565,67.0,1789.916869978866,3,True
FLR025,Eastern Asia,567,43.0,1148.752618046138,3,True
FLR025,Eastern Asia,572,37.0,988.4615550629559,3,True
FLR025,Eastern Asia,627,1549.0,41381.809426824824,3,True
FLR025,Eastern Asia,642,60.0,1602.9106298318202,3,True
FLR025,Eastern Asia,703,42.0,1122.0374408822743,3,True
FLR025,Eastern Asia,728,47.0,1255.6133267015925,3,True
FLR025,Eastern Asia,771,57.0,1522.7650983402293,3,True
FLR025,Eastern Asia,775,85.0,2270.7900589284122,3,True
FLR025,Eastern Asia,778,68.0,1816.6320471427298,3,True
FLR025,Eastern Asia,792,30.0,801.4553149159101,3,True
FLR025,Eastern Asia,793,84.0,2244.0748817645485,3,True
FLR025,Eastern Asia,797,75.0,2003.6382872897755,3,True
FLR025,Eastern Asia,804,81.0,2163.9293502729574,3,True
FLR025,Eastern Asia,810,39.0,1041.8919093906832,3,True
FLR025,Eastern Asia,818,29.0,774.7401377520465,3,True
FLR025,Eastern Asia,821,43.0,1148.752618046138,3,True
FLR025,Eastern Asia,822,36.0,961.7463778990922,3,True
FLR025,Eastern Asia,823,37.0,988.4615550629559,3,True
FLR025,Eastern Asia,825,57.0,1522.7650983402293,3,True
FLR025,Eastern Asia,828,47.0,1255.6133267015925,3,True
FLR025,Eastern Asia,835,50.0,1335.7588581931836,3,True
FLR025,Eastern Asia,885,77.0,2057.0686416175026,3,True
FLR025,Eastern Asia,886,28.0,748.0249605881828,3,True
FLR025,Eastern Asia,893,33.0,881.6008464075012,3,True
FLR025,Eastern Asia,897,42.0,1122.0374408822743,3,True
FLR025,Eastern Asia,905,54.0,1442.6195668486382,3,True
FLR025,Eastern Asia,906,30.0,801.4553149159101,3,True
FLR025,Eastern Asia,917,47.0,1255.6133267015925,3,True
FLR025,Eastern Asia,924,68.0,1816.6320471427298,3,True
FLR025,Eastern Asia,926,67.0,1789.916869978866,3,True
FLR025,Eastern Asia,957,623.0,16643.555373087067,3,True
FLR025,Eastern Asia,977,70.0,1870.062401470457,3,True
FLR025,Eastern Asia,1073,751.0,20063.098050061617,3,True
FLR025,Eastern Asia,1346,28.0,748.0249605881828,3,True
FLR025,Eastern Asia,1347,52.0,1389.189212520911,3,True
FLR025,Eastern Asia,1348,49.0,1309.04368102932,3,True
FLR025,Eastern Asia,1350,30.0,801.4553149159101,3,True
FLR025,Eastern Asia,1351,45.0,1202.1829723738651,3,True
FLR025,Eastern Asia,1353,88.0,2350.935590420003,3,True
FLR025,Eastern Asia,1354,81.0,2163.9293502729574,3,True
FLR025,Eastern Asia,1355,215.0,5743.763090230689,3,True
FLR025,Eastern Asia,1356,116.0,3098.960551008186,3,True
FLR025,Eastern Asia,1357,71.0,1896.7775786343207,3,True
FLR025,Eastern Asia,1358,143.0,3820.270334432505,3,True
FLR025,Eastern Asia,1359,182.0,4862.162243823188,3,True
FLR025,Eastern Asia,1360,113.0,3018.815019516595,3,True
FLR025,Eastern Asia,1361,161.0,4301.143523382051,3,True
FLR025,Eastern Asia,1362,288.0,7693.971023192737,3,True
FLR025,Eastern Asia,1363,154.0,4114.137283235005,3,True
FLR025,North Africa,37,19.0,519.2053019714306,3,True
FLR025,North Africa,44,49.0,1339.0031471894788,3,True
FLR025,North Africa,93,40.0,1093.0637936240644,3,True
FLR025,North Africa,116,42.0,1147.7169833052676,3,True
FLR025,North Africa,134,28.0,765.144655536845,3,True
FLR025,North Africa,135,18.0,491.87870713082896,3,True
FLR025,North Africa,172,25.0,683.1648710150401,3,True
FLR025,North Africa,235,30.0,819.7978452180482,3,True
FLR025,North Africa,249,46.0,1257.023362667674,3,True
FLR025,North Africa,273,23.0,628.511681333837,3,True
FLR025,North Africa,276,37.0,1011.0840091022595,3,True
FLR025,North Africa,278,32.0,874.4510348992515,3,True
FLR025,North Africa,282,42.0,1147.7169833052676,3,True
FLR025,North Africa,564,5.0,136.63297420300805,3,True
FLR025,North Africa,565,22.0,601.1850864932354,3,True
FLR025,North Africa,567,19.0,519.2053019714306,3,True
FLR025,North Africa,572,16.0,437.2255174496257,3,True
FLR025,North Africa,627,758.0,20713.55888917602,3,True
FLR025,North Africa,642,29.0,792.4712503774466,3,True
FLR025,North Africa,703,43.0,1175.043578145869,3,True
FLR025,North Africa,728,35.0,956.4308194210563,3,True
FLR025,North Africa,771,15.0,409.8989226090241,3,True
FLR025,North Africa,775,23.0,628.511681333837,3,True
FLR025,North Africa,778,21.0,573.8584916526338,3,True
FLR025,North Africa,792,47.0,1284.3499575082756,3,True
FLR025,North Africa,793,11.0,300.5925432466177,3,True
FLR025,North Africa,797,22.0,601.1850864932354,3,True
FLR025,North Africa,804,40.0,1093.0637936240644,3,True
FLR025,North Africa,810,33.0,901.7776297398531,3,True
FLR025,North Africa,818,19.0,519.2053019714306,3,True
FLR025,North Africa,821,26.0,710.4914658556418,3,True
FLR025,North Africa,822,40.0,1093.0637936240644,3,True
FLR025,North Africa,823,42.0,1147.7169833052676,3,True
FLR025,North Africa,825,37.0,1011.0840091022595,3,True
FLR025,North Africa,828,26.0,710.4914658556418,3,True
FLR025,North Africa,835,21.0,573.8584916526338,3,True
FLR025,North Africa,885,46.0,1257.023362667674,3,True
FLR025,North Africa,886,4.0,109.30637936240643,3,True
FLR025,North Africa,893,43.0,1175.043578145869,3,True
FLR025,North Africa,897,32.0,874.4510348992515,3,True
FLR025,North Africa,905,29.0,792.4712503774466,3,True
FLR025,North Africa,906,40.0,1093.0637936240644,3,True
FLR025,North Africa,917,11.0,300.5925432466177,3,True
FLR025,North Africa,924,36.0,983.7574142616579,3,True
FLR025,North Africa,926,33.0,901.7776297398531,3,True
FLR025,North Africa,957,327.0,8935.796512876726,3,True
FLR025,North Africa,977,23.0,628.511681333837,3,True
FLR025,North Africa,1073,431.0,11777.762376299293,3,True
FLR025,Northern Europe,60,1.0,76.0325010516743,8,False
FLR025,Northern Europe,226,4.0,304.1300042066972,8,False
FLR025,Oceania,1348,67.0,2167.4816643478084,4,False
FLR025,Oceania,1355,167.0,5402.528924568418,4,False
FLR025,Oceania,1357,81.0,2620.388280778694,4,False
FLR025,Oceania,1358,175.0,5661.332705386067,4,False
FLR025,South America,19,2.0,44.98874308604706,3,True
FLR025,South America,24,49.0,1102.224205608153,3,True
FLR025,South America,37,70.0,1574.606008011647,3,True
FLR025,South America,44,139.0,3126.717644480271,3,True
FLR025,South America,78,30.0,674.8311462907059,3,True
FLR025,South America,93,84.0,1889.5272096139765,3,True
FLR025,South America,116,136.0,3059.2345298512,3,True
FLR025,South America,134,87.0,1957.010324243047,3,True
FLR025,South America,135,118.0,2654.3358420767763,3,True
FLR025,South America,172,149.0,3351.661359910506,3,True
FLR025,South America,191,1814.8,40822.7854762791,3,True
FLR025,South America,216,8.0,179.95497234418823,3,True
FLR025,South America,235,102.0,2294.4258973884,3,True
FLR025,South America,249,81.0,1822.0440949849058,3,True
FLR025,South America,251,45.0,1012.2467194360588,3,True
FLR025,South America,258,45.0,1012.2467194360588,3,True
FLR025,South America,273,121.0,2721.818956705847,3,True
FLR025,South America,276,70.0,1574.606008011647,3,True
FLR025,South America,278,61.0,1372.1566641244353,3,True
FLR025,South America,282,90.0,2024.4934388721176,3,True
FLR025,South America,295,43.0,967.2579763500117,3,True
FLR025,South America,305,11.0,247.43808697325883,3,True
FLR025,South America,306,21.0,472.38180240349413,3,True
FLR025,South America,311,11.0,247.43808697325883,3,True
FLR025,South America,359,30.0,674.8311462907059,3,True
FLR025,South America,365,3458.4,77794.53454439258,3,True
FLR025,South America,403,1012.0,22764.30400153981,3,True
FLR025,South America,502,2381.8,53577.094141173446,3,True
FLR025,South America,564,99.0,2226.9427827593295,3,True
FLR025,South America,565,113.0,2541.863984361659,3,True
FLR025,South America,567,104.0,2339.414640474447,3,True
FLR025,South America,572,105.0,2361.9090120174706,3,True
FLR025,South America,607,11.0,247.43808697325883,3,True
FLR025,South America,625,19.0,427.39305931744707,3,True
FLR025,South America,627,3870.0,87053.21787150105,3,True
FLR025,South America,642,133.0,2991.7514152221293,3,True
FLR025,South America,646,30.0,674.8311462907059,3,True
FLR025,South America,647,19.0,427.39305931744707,3,True
FLR025,South America,652,12.0,269.93245851628234,3,True
FLR025,South America,666,15.0,337.41557314535294,3,True
FLR025,South America,671,9.0,202.44934388721177,3,True
FLR025,South America,677,40.0,899.7748617209412,3,True
FLR025,South America,691,19.0,427.39305931744707,3,True
FLR025,South America,703,60.0,1349.6622925814117,3,True
FLR025,South America,705,12.0,269.93245851628234,3,True
FLR025,South America,715,12.0,269.93245851628234,3,True
FLR025,South America,724,47.0,1057.235462522106,3,True
FLR025,South America,725,14.0,314.9212016023294,3,True
FLR025,South America,728,94.0,2114.470925044212,3,True
FLR025,South America,730,60.0,1349.6622925814117,3,True
FLR025,South America,743,14.0,314.9212016023294,3,True
FLR025,South America,771,126.0,2834.2908144209646,3,True
FLR025,South America,773,9.0,202.44934388721177,3,True
FLR025,South America,775,160.0,3599.099446883765,3,True
FLR025,South America,777,43.0,967.2579763500117,3,True
FLR025,South America,778,104.0,2339.414640474447,3,True
FLR025,South America,786,12.0,269.93245851628234,3,True
FLR025,South America,792,135.0,3036.7401583081764,3,True
FLR025,South America,793,84.0,1889.5272096139765,3,True
FLR025,South America,797,125.0,2811.796442877941,3,True
FLR025,South America,804,99.0,2226.9427827593295,3,True
FLR025,South America,810,125.0,2811.796442877941,3,True
FLR025,South America,818,94.0,2114.470925044212,3,True
FLR025,South America,821,112.0,2519.3696128186352,3,True
FLR025,South America,822,133.0,2991.7514152221293,3,True
FLR025,South America,823,132.0,2969.2570436791057,3,True
FLR025,South America,825,83.0,1867.032838070953,3,True
FLR025,South America,828,101.0,2271.9315258453767,3,True
FLR025,South America,835,91.0,2046.9878104151412,3,True
FLR025,South America,858,5.0,112.47185771511765,3,True
FLR025,South America,885,90.0,2024.4934388721176,3,True
FLR025,South America,886,125.0,2811.796442877941,3,True
FLR025,South America,893,116.0,2609.3470989907296,3,True
FLR025,South America,897,112.0,2519.3696128186352,3,True
FLR025,South America,905,102.0,2294.4258973884,3,True
FLR025,South America,906,85.0,1912.021581157,3,True
FLR025,South America,917,160.0,3599.099446883765,3,True
FLR025,South America,924,139.0,3126.717644480271,3,True
FLR025,South America,926,113.0,2541.863984361659,3,True
FLR025,South America,957,1711.0,38487.86971011326,3,True
FLR025,South America,977,102.0,2294.4258973884,3,True
FLR025,South America,981,25.0,562.3592885755883,3,True
FLR025,South America,982,18.0,404.89868777442354,3,True
FLR025,South America,1004,2019.0,45416.13614536451,3,True
FLR025,South America,1014,4649.4,104585.3310521336,3,True
FLR025,South America,1073,1953.0,43931.50762352495,3,True
FLR025,South of  USA ,627,1004.0,47473.528903383674,5,False
FLR025,South of  USA ,957,458.0,21656.25123281845,5,False
FLR025,Southern Europe,226,2.0,158.39561475506162,8,False
FLR025,West Asia,37,53.0,1917.8037646240268,4,False
FLR025,West Asia,44,26.0,940.8093939665036,4,False
FLR025,West Asia,93,40.0,1447.3990676407748,4,False
FLR025,West Asia,116,74.0,2677.6882751354337,4,False
FLR025,West Asia,134,63.0,2279.6535315342203,4,False
FLR025,West Asia,135,53.0,1917.8037646240268,4,False
FLR025,West Asia,172,53.0,1917.8037646240268,4,False
FLR025,West Asia,235,70.0,2532.948368371356,4,False
FLR025,West Asia,249,53.0,1917.8037646240268,4,False
FLR025,West Asia,273,52.0,1881.6187879330073,4,False
FLR025,West Asia,276,77.0,2786.243205208492,4,False
FLR025,West Asia,278,36.0,1302.6591608766973,4,False
FLR025,West Asia,282,30.0,1085.549300730581,4,False
FLR025,West Asia,403,1129.0,40852.83868416087,4,False
FLR025,West Asia,564,61.0,2207.2835781521817,4,False
FLR025,West Asia,565,35.0,1266.474184185678,4,False
FLR025,West Asia,567,49.0,1773.0638578599492,4,False
FLR025,West Asia,572,54.0,1953.9887413150461,4,False
FLR025,West Asia,627,1454.0,52612.95610874217,4,False
FLR025,West Asia,642,56.0,2026.358694697085,4,False
FLR025,West Asia,703,49.0,1773.0638578599492,4,False
FLR025,West Asia,728,54.0,1953.9887413150461,4,False
FLR025,West Asia,771,60.0,2171.098601461162,4,False
FLR025,West Asia,778,33.0,1194.1042308036392,4,False
FLR025,West Asia,792,52.0,1881.6187879330073,4,False
FLR025,West Asia,793,46.0,1664.508927786891,4,False
FLR025,West Asia,797,60.0,2171.098601461162,4,False
FLR025,West Asia,804,42.0,1519.7690210228136,4,False
FLR025,West Asia,810,47.0,1700.6939044779106,4,False
FLR025,West Asia,818,42.0,1519.7690210228136,4,False
FLR025,West Asia,821,32.0,1157.91925411262,4,False
FLR025,West Asia,822,43.0,1555.953997713833,4,False
FLR025,West Asia,823,81.0,2930.983111972569,4,False
FLR025,West Asia,825,49.0,1773.0638578599492,4,False
FLR025,West Asia,828,35.0,1266.474184185678,4,False
FLR025,West Asia,835,33.0,1194.1042308036392,4,False
FLR025,West Asia,885,73.0,2641.503298444414,4,False
FLR025,West Asia,886,39.0,1411.2140909497555,4,False
FLR025,West Asia,893,85.0,3075.7230187366467,4,False
FLR025,West Asia,897,59.0,2134.913624770143,4,False
FLR025,West Asia,905,35.0,1266.474184185678,4,False
FLR025,West Asia,906,40.0,1447.3990676407748,4,False
FLR025,West Asia,917,68.0,2460.5784149893175,4,False
FLR025,West Asia,924,66.0,2388.2084616072784,4,False
FLR025,West Asia,926,73.0,2641.503298444414,4,False
FLR025,West Asia,957,655.0,23701.15973261769,4,False
FLR025,West Asia,977,60.0,2171.098601461162,4,False
FLR025,West Asia,1073,749.0,27102.54754157351,4,False
FLR025,West of USA ,37,45.0,1054.1345114411502,3,True
FLR025,West of USA ,44,63.0,1475.7883160176102,3,True
FLR025,West of USA ,93,56.0,1311.8118364600978,3,True
FLR025,West of USA ,116,92.0,2155.119445613018,3,True
FLR025,West of USA ,134,57.0,1335.2370478254568,3,True
FLR025,West of USA ,135,63.0,1475.7883160176102,3,True
FLR025,West of USA ,172,83.0,1944.2925433247879,3,True
FLR025,West of USA ,235,71.0,1663.1900069404812,3,True
FLR025,West of USA ,249,59.0,1382.0874705561746,3,True
FLR025,West of USA ,273,73.0,1710.040429671199,3,True
FLR025,West of USA ,276,61.0,1428.9378932868924,3,True
FLR025,West of USA ,278,49.0,1147.8353569025855,3,True
FLR025,West of USA ,282,66.0,1546.0639501136868,3,True
FLR025,West of USA ,403,1459.0,34177.38338205862,3,True
FLR025,West of USA ,564,91.0,2131.694234247659,3,True
FLR025,West of USA ,565,64.0,1499.213527382969,3,True
FLR025,West of USA ,567,92.0,2155.119445613018,3,True
FLR025,West of USA ,572,83.0,1944.2925433247879,3,True
FLR025,West of USA ,627,2059.0,48232.51020127396,3,True
FLR025,West of USA ,642,81.0,1897.44212059407,3,True
FLR025,West of USA ,703,78.0,1827.1664864979934,3,True
FLR025,West of USA ,728,59.0,1382.0874705561746,3,True
FLR025,West of USA ,771,73.0,1710.040429671199,3,True
FLR025,West of USA ,775,87.0,2037.9933887862235,3,True
FLR025,West of USA ,778,66.0,1546.0639501136868,3,True
FLR025,West of USA ,792,43.0,1007.2840887104323,3,True
FLR025,West of USA ,793,94.0,2201.969868343736,3,True
FLR025,West of USA ,797,45.0,1054.1345114411502,3,True
FLR025,West of USA ,804,42.0,983.8588773450734,3,True
FLR025,West of USA ,810,52.0,1218.1109909986624,3,True
FLR025,West of USA ,818,49.0,1147.8353569025855,3,True
FLR025,West of USA ,821,88.0,2061.4186001515823,3,True
FLR025,West of USA ,822,46.0,1077.559722806509,3,True
FLR025,West of USA ,823,63.0,1475.7883160176102,3,True
FLR025,West of USA ,825,47.0,1100.984934171868,3,True
FLR025,West of USA ,828,105.0,2459.6471933626835,3,True
FLR025,West of USA ,835,73.0,1710.040429671199,3,True
FLR025,West of USA ,885,83.0,1944.2925433247879,3,True
FLR025,West of USA ,886,56.0,1311.8118364600978,3,True
FLR025,West of USA ,893,39.0,913.5832432489967,3,True
FLR025,West of USA ,897,111.0,2600.1984615548367,3,True
FLR025,West of USA ,905,40.0,937.0084546143556,3,True
FLR025,West of USA ,906,87.0,2037.9933887862235,3,True
FLR025,West of USA ,917,81.0,1897.44212059407,3,True
FLR025,West of USA ,924,99.0,2319.0959251705303,3,True
FLR025,West of USA ,926,71.0,1663.1900069404812,3,True
FLR025,West of USA ,957,863.0,20215.957408304723,3,True
FLR025,West of USA ,977,53.0,1241.5362023640212,3,True
FLR025,West of USA ,1004,1084.6,25406.98424686825,3,True
FLR025,West of USA ,1014,3561.0,83417.177672043,3,True
FLR025,West of USA ,1073,1022.0,23940.566015396787,3,True
FLR025,Western Europe,19,40.0,1885.2776678802445,5,False
FLR025,Western Europe,60,12.0,565.5833003640734,5,False
FLR025,Western Europe,226,7.0,329.92359187904276,5,False
FLR025,Western Europe,311,23.0,1084.0346590311406,5,False
FLR025,Western Europe,607,36.0,1696.7499010922202,5,False
FLR025,Western Europe,627,640.4,30183.295462762715,5,False
FLR025,Western Europe,705,32.0,1508.2221343041956,5,False
FLR025,Western Europe,725,47.0,2215.2012597592875,5,False
FLR025,Western Europe,743,30.0,1413.9582509101833,5,False
FLR025,Western Europe,858,32.0,1508.2221343041956,5,False
FLR025,Western Europe,860,15.0,706.9791254550917,5,False
FLR025,Western Europe,957,1149.2,54164.027398199425,5,False
